curr_date,USD,GOOGL,AAPL,ACN,XLV,EWO,ICLR,MSFT,PPA,SONVY,PCLN,AMT,GRMN,SAFM,IAI,INTC,LPX,PYPL,IXG,AMGN,ANTM,FXI,EWT,RHHBY,EZU,EBAY,UL,SH
2017-03-01,0.0295769162316,0.01398933296,0.0204392565488,0.0128163059795,0.0100013750394,0.0201150360521,0.00441687970933,0.0150048150058,0.0149185212915,0.00267381688668,0.00524905255042,-0.00827599530379,0.0141445915268,0.00620787528982,0.031058354841,-0.00745847008639,0.0152672179813,0.0102380952381,0.0220794341814,0.00968684083229,0.0130444412049,0.0104711209034,0.00524859540749,0.00427354154967,0.0152499198569,0.0109143946363,0.00168502885367,-0.0141822869517
2017-03-02,-0.0152944784313,-0.00805371928801,-0.00593732752994,0.00225679380927,-0.00316871399125,-0.00450703829144,-0.00499165682186,-0.0143209707699,-0.0100222464773,-0.00266668665487,0.000686565136296,0.00852063818031,-0.0118455333627,-0.00951584471076,-0.0167348731701,-0.000556711443608,-0.00918972392691,0.00801319820881,-0.0116071921815,-0.000953769235156,-0.00598899100808,-0.0215025456697,-0.0187346431593,0.0612110708202,-0.00584143657551,-0.0105048147067,-0.00588741334998,0.00616556059408
2017-03-03,0.00229595815615,-0.000905994024526,0.00590084085183,-0.00570969136447,0.00397356369106,0.00962079622518,-0.00298614425482,0.0037493269402,-0.00292457056788,0.00649349441861,0.000420891160539,0.0074907078621,-0.00386702302451,-0.00348392564123,0.00434950009686,-0.000278411843872,-0.00126467121689,0.00607900397475,0.00848147082629,0.0119615626602,0.000180795871981,0.00264756301212,0.00187784031681,0.0,0.0139899805872,-0.00501321144205,0.0074027537369,-0.000291858768602
2017-03-06,-0.0101065342853,-0.00213171546116,-0.00314770086322,-0.00323521427897,-0.00382581834936,-0.00504481741151,-0.014735868998,0.000311321420711,-0.00338461925966,0.000379553487135,-0.00281829005109,-0.00829946885509,0.00465828446917,-0.0197055147581,-0.00395405458091,-0.00919218515263,-0.010130856474,-0.00371833613103,-0.00582243393047,-0.00410654853888,-0.000963956655426,-0.000792198101881,0.00187447684314,-0.0033928818238,-0.00358731028292,-0.00296392987766,-0.000839765201539,0.00233514316025
2017-03-07,0.0182413223269,0.00457941849518,0.00129180496651,0.0073028480923,-0.00701898398033,0.00112671669062,-0.00206709635377,0.00202271559929,0.000226501868196,-0.0106221957663,0.00361227835978,-8.72211139834e-05,-0.00483008917126,-0.00983456332197,-0.00472588334636,0.00646610701264,-0.00255872057319,0.000466526719536,-0.00292825836242,-0.0115903387232,0.00102507330174,0.00317130470909,0.00592447770502,-0.00588061027665,-0.00581544152051,-0.00505344842608,0.00252143432423,0.00320329062318
2017-03-08,0.00053464669816,0.00292544314138,-0.00372708001926,0.00257772562857,0.0040010264804,-0.00112544862886,-0.00926041184355,0.00916140495401,-0.00271610705324,-0.00651839282977,0.00404848321176,-0.012728871415,0.00931870260532,-0.00971409832629,-0.000759799399734,-0.00502797350902,0.0123985041641,-0.00233149923832,0.0,0.00225496781062,0.00175382983219,-0.00131720854029,-0.002789832783,-0.00684930317968,-0.00278565590332,-0.00448165507972,-0.00314386585401,0.00261248178193
2017-03-09,0.00293966864153,0.0049201208076,-0.00230231032558,-0.0102844495499,0.00544643151854,0.00563375498206,-0.0116836431357,-0.0040003959106,0.000226884381462,0.016209922707,0.00340125497365,-0.00211928851029,0.00230815653134,0.0188471952107,0.00418184339901,0.00561482431704,-0.00211152871622,0.00303802283155,0.00391579996836,0.00641242853617,0.00319945662284,-0.0116063633058,-0.0121230035513,-0.00125383980348,0.0122906368724,-0.00420168067227,0.0222875222258,-0.00115810650961
2017-03-10,0.0251797811719,0.00416155213984,0.00331707522167,0.00608869730571,0.003831378206,0.0151261444476,0.00398206814358,0.00308965928837,-0.00158835623339,0.00113944835615,0.00275516792924,0.00513272841841,0.0076759244826,0.0161184306448,0.00113558602081,0.00251254067198,0.00761743578576,0.00163103455876,0.00471313455864,0.0140845970032,0.00138406702792,0.00480384906225,0.00755188774223,0.00564971897881,0.0113134539521,-0.00150690174804,0.0106951582562,-0.00376814492754
2017-03-13,-0.000779615030801,0.00368006419633,0.000431259277961,0.000887596460549,-0.000789756017647,0.00220741946548,-0.00880018591968,-0.00338831268662,0.00477267226553,0.00720781824389,0.00734221376404,0.00598695096169,-0.00288453714739,-0.00330020007633,0.00397050197773,-0.0208855520421,0.00419995817723,-0.00930453550572,0.000647043600131,-0.00214950493003,0.00498772299541,0.0162017681723,0.00905687070581,0.0112359579527,0.00136418680567,-0.00965891911685,-0.00732595437195,-0.000872825163597
2017-03-14,-0.00624267298025,0.00153826826187,-0.00150857938124,-0.00104800851283,-0.00368805474577,-0.0143171825863,-0.00750278845188,-0.00463598449843,-0.00452388745208,-0.00225986041643,0.00106388078077,-0.00210050270729,-0.00829306149956,-0.000747772646063,-0.00301321319716,0.00056890340556,-0.0117106231702,-0.0115050950927,-0.00387971847382,-0.00513673323022,-0.0123177011769,-0.00313638658663,-0.00278551523412,-0.000617308892677,-0.00980921232162,0.00152392558598,0.00368996842211,0.00378570180547
2017-03-15,0.000916042087348,0.00286408758108,0.0105763367973,0.00718264283743,0.0125594346074,0.0134078100163,0.0215446508173,0.00527867302759,0.00749834737012,0.0109475386569,-0.00057660825325,0.011050722475,0.0093348627138,0.0200961735836,0.00302232009195,-0.00227406008892,0.0287769796351,0.00688838512534,0.00665363248995,0.0137686250264,0.0243371733872,0.0170425276575,0.0288640897311,0.000255117658313,0.013208570784,0.000912903198025,0.0142974759503,-0.00841314161842
2017-03-16,0.00588394308729,0.00185398838332,0.00163741515225,-0.00560901888567,-0.00966187695653,0.0137816655521,-0.0115935246277,-0.00169888153894,-0.00338291103676,0.00896191970921,0.00339370358707,-0.001648232313,0.00886321741653,-0.0159278770656,0.0122411738488,0.00113952040147,0.016454134778,0.000235975471479,0.00467520936654,-0.0136363630558,-0.00460994446515,0.0141787957475,0.0045247961071,0.00669426182039,0.0127647956702,0.00638488921815,0.00704788805319,0.0020479812756
2017-03-17,0.00935919279565,0.00272413218391,-0.00497548737882,0.00902500915719,-0.00550428829747,-0.00435018686979,-0.00486647123617,0.00355819644509,0.009504439912,0.00148037992677,-0.000760986603693,0.00799388855735,0.0,0.00862527421338,-0.0119070394717,0.00369958701781,-0.000404613533169,0.0160377350926,-0.00754177254799,-0.0638498719008,-0.000890636082889,-0.00508388241304,-0.000300240249256,0.00443315389487,-0.00107272239115,0.0181269799472,-0.00179964729072,0.0017518540146
2017-03-20,0.0097874468949,-0.00511253484824,0.0105007937072,-0.00662834658591,-0.00146351665781,-0.00163832984583,-0.0106582821317,0.000924913054728,-0.00291417133933,0.00147822912199,-0.00405615609559,-0.000258599896796,0.00553854334439,0.00137241313349,-0.00696670026119,0.00453642830928,-0.00931182148535,0.00185696370209,-0.00226348870138,0.00373645687589,-0.00404116020915,0.0117527326768,0.0135176024777,-0.00315252216748,-0.00214763966167,0.00326409485863,0.00560900141596,0.00116575339068
2017-03-21,-0.036729981501,-0.0204744254045,-0.0114520783652,0.00200977935263,-0.00786142518664,-0.00492338823714,-0.0141952214399,-0.0110889030089,-0.0173112307239,0.00110692311415,-0.0103656463044,0.00655279569342,-0.0214625305681,0.00200325544751,-0.0326127633033,-0.0110076284714,-0.0241111575035,-0.0120482159407,-0.0189596381223,-0.0141219449843,-0.00358018820464,-0.0108586210412,-0.00859516842945,-0.00664139763942,-0.00161421012028,-0.0183378285023,-0.00318721430115,0.0122271331719
2017-03-22,0.0148771029032,-0.000399965880914,0.0112986471573,0.0147625594764,0.000268548734436,-0.00604737764339,0.00385707127613,0.0127705861485,-0.00045749449067,0.00294875547625,0.00277595095892,0.0134486725658,-0.00601699966986,0.0321969381287,-0.00392013025207,0.00941770579323,-0.00544384444907,0.0128986869817,-0.00429470635981,0.00359596572866,-0.00329360085148,0.00306362441415,0.00627799682278,0.00445714740528,0.00134738649631,0.0102440497211,0.00219823883329,-0.00143799252229
2017-03-23,-0.0033970105972,-0.0119439446262,-0.00353561122358,-0.0452245664584,-0.00308804953997,0.00387164307305,-0.00614759205565,-0.0024603406294,0.000686578891969,0.00918781497326,-0.00208907243814,0.00540950626376,0.00527239659856,0.0103975711557,0.00275489867244,-0.00282714079266,0.00168425263158,-0.00115767541463,0.00182480304068,-0.00842043131954,-0.00636863824242,-0.00127261989059,-0.00356503267974,0.00570526167053,0.00403666580484,-0.000298210566603,-0.00279167889268,0.000576065651611
2017-03-24,0.0108810245835,-0.00537129621996,-0.00198691964419,-0.0147399509796,0.000538725115483,0.00661164880795,0.0172680932286,0.00169572329063,-0.00800545162247,0.000364211024037,0.00273405428054,0.00311057749948,-0.00738156745679,0.012409159029,-0.00248488993293,-0.00311885022011,-0.00504417801412,-0.000231757075377,0.0016559466171,-0.00180671144586,-0.0159027879886,0.000254863660996,0.00387587943125,0.00567286479672,0.00348421328651,-0.00357989260143,0.00319932335665,0.000287795032366
2017-03-27,0.00324215551165,0.00403524551509,0.00170662432693,0.00344592688106,0.00269205315934,-0.00109475922074,0.0003800227925,0.00184658570621,-0.00322807817981,0.00109208758381,0.0107751454054,0.00578279441147,-0.00645789902333,0.0240159747336,-0.0106761566545,0.00654153755535,0.000422475707647,-0.0011592626673,-0.00214911976257,-0.00500787179664,-0.0034407864021,-0.00484076628061,0.00504906474898,0.0103416483861,0.00507482051526,0.000898143658794,0.00259123865156,0.00172664748201
2017-03-28,0.00736811384044,0.00252828824309,0.020726743109,0.0164167659327,0.000671250331137,-0.00219180684428,0.0155754841639,0.00291864994796,0.00925292978252,-0.00763631048782,0.00928326805869,0.00316634515788,0.00472721838091,0.00457377657498,0.0143884356423,0.00593381785743,0.0160472550676,0.00162488386143,0.0117627333789,-0.00121278699743,0.0148591429501,0.00435226271298,0.0,-0.00651374029071,0.00425198498657,0.00299129524379,-0.00238566852467,-0.0071818440913
2017-03-29,-0.00359297270273,0.0109917442216,0.00222524967488,-0.00304901480066,0.000268368689047,0.00384417107275,0.00648384064154,0.00275701374053,-0.00114594874846,-0.00293157828369,-0.00190103278993,0.00539909232912,-0.000980267465682,0.0060059945515,-0.00137906771761,-0.000842565717531,0.00997506275873,0.00208574729614,-0.00278364914971,-0.0100176927852,0.00230856039137,-0.00356866793277,-0.00472813238771,0.00343428046938,-0.003175560525,0.00357897415983,-0.00239137354928,-0.0011574363091
2017-03-30,0.0103026239818,-0.000458911365614,-0.00131833312896,-0.00380230304316,0.000134148343308,-0.00273534523067,-0.0055748760459,0.0036657775085,0.0034418134794,0.00183763754233,0.00232480988548,-0.00107395600134,0.00255112754769,-0.00500712568246,0.0134149141776,0.00506037078244,0.00658436241088,0.00693799690389,0.00541865934933,0.0080953457233,0.0127288091906,-0.00741884228844,-0.00564127078385,0.00311148111735,-0.00451281750981,0.00148585429505,-0.0085896768671,-0.0031865585168
2017-03-31,0.00586366979216,-0.00197767109238,-0.00187579760375,-0.00531037072594,-0.00281607521029,-0.00329126156138,-0.0068518253464,0.00228274676196,-0.00411614326612,0.0165076945188,-0.00515871912183,0.00521043367798,0.000391440569435,0.00493545992408,-0.00214126638086,0.00895103962747,0.0147179482714,-0.011943063575,-0.00538945572468,-0.00188594700553,-0.0101747755736,-0.00798964531985,-0.00776357075165,-0.00651374029071,0.00266661185083,-0.0038575963247,-0.00584325168934,0.00232496367335
2017-04-03,-0.0177417279643,0.0105567493827,0.000278387790227,-0.0186853458968,0.000806729598134,0.00330212973404,0.00501758649,-0.0047070045745,-0.00642930996722,0.00108262885961,-0.00335959656479,-0.00320880568221,-0.0170220600289,-0.0038519621493,-0.00780333716253,0.00249521082002,-0.00523767123288,-0.00906552766155,-0.00541877581237,-0.00109706257179,0.00671182410941,0.00597559014015,0.00782431537767,0.00249772096465,-0.00265951994343,0.00565975573429,-0.00243216825122,0.00144966648596
2017-04-04,-0.0104503070708,-0.00487889466005,0.00744616353132,0.00340028959588,-0.000537494528885,0.00383984226885,-0.0014977907577,0.00274609364739,0.00300434852725,0.00432594185274,-0.00372605541027,-0.00338423759649,-0.00497621102039,0.000386737577461,-0.00491554900266,0.00331846114147,0.0234912505674,0.00211118925378,-0.00049525580039,0.00286777943652,-0.00474506769569,0.00258260469951,-0.00388178537583,0.00124574894906,0.00186666350338,0.0112559544583,0.0,-0.000289577293296
2017-04-05,-0.00677965300981,-0.00429294247974,-0.00518068390907,-0.00338876680736,-0.00309220142136,0.00109285368743,-0.003125,-0.0025864713293,-0.00783407302223,-0.0100503262599,-0.0031741815479,-0.000828155160318,-0.00340065484662,0.00183595341039,-0.0116576915258,-0.00165368673607,-0.000395726157499,0.00397935383943,-0.00842424007403,-0.0128985110591,-0.00573322794409,0.00206083924704,0.00719415446061,-0.00404360783555,-0.00718660764146,-0.00966602254441,-0.00223477894344,0.00289609044008
2017-04-06,-0.0036755101079,-0.00448810488883,-0.00249964724174,-0.00705543722961,0.00175323154263,0.0016376571852,0.00902822570533,0.00259317851117,0.0055735772256,0.00507614362533,0.0066694289644,0.0108586819192,0.00521886178986,0.0123468782861,0.00899643817299,-0.00524581121155,0.0186064924782,0.0002332245333,0.00349834752433,6.15138552271e-05,0.0071016412997,-0.00462725525149,-0.00565470271754,0.000312273579013,0.00428952151904,0.0103519369905,0.00895944743596,-0.00202136869704
2017-04-07,0.00790516549755,-0.00354987585516,-0.00222752334537,0.00539341033891,0.001750258062,-0.000544937909543,-0.00385233001302,-0.000760725051855,0.00762127573354,-0.0104617347762,-0.00223282565482,0.0013940554482,0.0057906149708,-0.0053358090968,-0.000198284181416,0.0,0.00233194714341,0.00326337980124,-0.00332010608219,0.00696469377518,0.00204920164712,0.000516546880086,-0.00508823705477,-0.00343424924865,-0.00186865682794,-0.00731850117096,0.0117053718591,0.000578732622143
2017-04-10,-0.0121568538066,-0.000474960232038,-0.00118599870578,0.00340601071066,-0.00188161876253,0.00109052539452,-0.00773456797732,-0.0022838971909,0.0,0.010936949132,0.00362231955191,0.0080658092731,0.0033749997853,0.0142734266554,-0.00515253967238,-0.00638346955855,0.00426518013706,0.000232295533636,-0.00149900103162,-0.00361134824181,0.00709731203907,-0.00593713152358,-0.00361019833874,-0.0078320802005,-0.00508149826636,0.00442350339133,0.00259324527404,-0.000289242319882
2017-04-11,-0.01746732948,-0.00216229888803,-0.0107563975317,-0.00471575793973,-0.00134639590807,-0.00272342652594,-0.00917780979158,-0.000762923480315,0.00389629502127,0.00288487925118,-0.00426242961515,0.00228607079978,-0.0108824248553,0.00859462771548,-0.00438248512814,-0.00167594391633,0.00694980694981,-0.00836236953223,-0.000500445305055,0.00196586061234,-5.98411484266e-05,-0.00493370763967,-0.00271739138639,0.0126302494474,0.00215041692141,-0.00205516729139,0.00338235979156,0.000578536303153
2017-04-12,-0.0294949908419,0.00188124135661,0.00120031806721,-0.00430735013981,0.0,-0.00163832984583,-0.00304527351974,-0.00381800856221,-0.00958897747653,0.0003596272874,-0.0103992387189,-0.0031769109329,-0.0140026940033,0.0024346759566,-0.0096037994755,-0.00307783553437,-0.0138037193252,-0.00468486776025,-0.00684247162491,-0.000367866735869,-0.00597256296294,0.00104387764295,0.00726615220303,0.00498908637356,-0.000804669146048,0.00823765765003,0.00733693654012,0.0046256143394
2017-04-13,0.012767275166,-0.00152120001727,-0.00528919352309,-0.00622948252202,-0.00256155496256,-0.00765873346781,-0.0126002036401,-0.0042925536551,-0.00553246307865,0.00611070044837,-0.00642281469007,0.00187949651561,-0.0121728979032,0.00411021890238,-0.00989909657905,-0.0106652401754,-0.0279937413683,0.00141202629268,-0.0112585849667,-0.00883166509503,-0.0086521916899,-0.00260694656317,-0.00270513976555,-0.00961836798014,-0.00751676608054,0.00175086081121,-0.00787402487149,0.00661870503597
2017-04-17,-0.00808446768873,0.0177938205201,0.0055299739679,0.00748739811823,0.00364951577995,0.00606393508081,0.00309355496021,0.00816022347293,0.0106628503618,0.00178642785884,0.0183117747797,0.0134584635003,0.00595601001672,0.00930311717213,0.0138747606051,0.00652483590369,0.02839996,0.0129259462497,0.0130863698447,0.00309378782015,0.0118188796063,0.00522741598598,0.00120557564798,0.00626563283208,0.00622131682081,0.00320410700821,0.00496034842307,-0.00886226415094
2017-04-18,0.00842654580192,-0.00133314816851,-0.00444203610562,0.00449356226119,-0.0109090343046,-0.00383563417257,-0.0100231174505,-0.00137445281763,-0.00137610795049,0.0,-0.00412283114963,0.00490938243139,0.00571658378951,0.00525403396898,-0.00523238372819,0.00817371249588,-0.00816798942699,-0.000231972168537,-0.00671030580514,-0.00530498687619,-0.00341444085527,-0.0171607610666,-0.0108368449477,-0.0118306043534,-0.00537634261821,-0.0121950932693,-0.000197498709005,0.00288439589757
2017-04-19,0.0169863495602,0.00295087767949,-0.00368262134176,0.00610803204646,0.00299559937515,-0.00110006726789,0.0154465470477,-0.00535250080559,0.000459442730562,0.00499279610073,-6.24439243897e-05,-0.00152163087176,0.00649622257671,0.0114614826427,0.00364152010077,0.00391381547237,0.0164705882353,0.00487349733117,-0.00304004489213,6.1985852523e-05,0.00252452872236,-0.0058200164329,-0.0103469564715,0.00189032766226,0.000270152165774,-0.00499711934156,-0.00849137653752,0.00172568306011
2017-04-20,0.022629326065,0.00416808555454,0.0125105608095,0.0193245500688,0.00624486624845,0.00881050941603,0.0245430004649,0.00707248645308,0.00757571622342,0.0127750831856,-0.00136110598156,-0.00296786771617,0.00806770136821,0.00933734552812,0.018343117137,0.00751881569424,0.0123456790123,0.00900692861448,0.0142300505936,0.00483689198443,0.0076742889161,0.0133050111738,0.00768757687577,-0.00157229564693,0.00999734860266,-0.0389955414473,0.00458082219734,-0.00717771994386
2017-04-21,-0.00487354601988,-0.00131383705895,-0.00119338632764,0.00016781223169,-0.00593632929855,-0.000545830331026,-0.00349343721788,0.0137404712836,0.00683528304776,-0.00840932824664,-0.00499207107871,0.00104586657492,-0.000600190779269,0.0189509784884,-0.00791769746944,0.00386957567308,-0.00990853658537,0.00274666978134,-0.00267242198073,-0.0100592039792,-0.00160650268751,-0.00315131713535,0.00579795544706,-0.00472440944882,0.000267514533231,-0.0107592686984,-0.00674065995597,0.00260254467307
2017-04-24,0.0292521123355,0.0232609357016,0.00962952382824,0.0010902704578,0.00990784826923,0.0447843044919,-0.00375614108841,0.0170180974669,0.0147091849319,0.0229682740519,0.0266037207173,-0.00466129198558,0.00680685893214,-0.00564125527586,0.0185554414004,0.0118392203444,0.00577363356428,0.0104998628053,0.0272986087886,0.0170188750398,0.00363533048258,0.00553205360913,0.0124393207658,0.0129746202532,0.0516180993441,-0.00403980733375,0.0257484575446,-0.0103835310288
2017-04-25,0.0171038417209,0.0112751118734,0.00619604226234,-0.00561321121892,0.00430041147359,0.0104547478711,-0.027648573583,0.00577516297375,0.00111502554043,0.00794469661005,0.000261295327143,0.000726743125313,0.00894797932916,0.00638247198766,0.00587654356737,0.00326515752042,0.0145427100858,0.00993898802801,0.00766219774646,0.00956230469082,0.0240485189372,0.0133613626171,0.0110878936496,0.0124961582316,0.00712104610899,0.0237130116603,0.00194605437352,-0.00641215370411
2017-04-26,-0.0112529785947,0.000337505052526,-0.00588117567352,0.00244332108599,0.00548634294679,-0.00206924189943,-0.00697946205327,-0.00132495714217,0.0,-0.00171350534101,0.00279587407804,-0.00911737721785,-0.00335040931404,0.00660612861672,0.00214223771271,0.00162744442196,0.00829875518672,-0.00670988608163,-0.00404461936401,-0.000546390018522,0.0380956929808,0.00051705509288,-0.000296443373062,-0.00647945078679,-0.0065656603479,0.00609561090839,-0.00524375708853,0.000293282487533
2017-04-27,0.0218670719247,0.00258675457318,0.000765672195548,0.012691128649,0.00212936333883,0.00103671365821,0.0825197948062,0.00648667391835,0.00467811574157,0.00583589714593,0.0175986076802,0.0241022587948,0.0126557985054,0.0091879953252,-0.0147687670311,0.0135390484548,-0.0142162364385,0.0616978608422,-0.00194934558789,-0.0114817568311,-0.00407750824294,-0.00413435498775,-0.00474355173436,0.0167702168705,-0.00152519589857,0.00151478349075,-0.001171527677,-0.000293196498135
2017-04-28,-0.0365411664981,0.0371085187178,-0.000973795389773,0.00672261609367,0.00265615888302,0.0145003264329,0.0158711077521,0.00278300889481,-0.00620841405059,0.00750852464959,0.00596444793467,0.00135170862243,-0.00722515395723,0.00390184443894,0.000394511164559,-0.0341970802544,-0.0231499051233,0.0120890556908,-0.00439454880427,0.00368742862287,-0.00229950163833,-0.000259570915204,0.00565975573429,-0.00122177756739,-0.0010182728827,0.010586781289,0.00351838790516,0.00234667057788
2017-05-01,0.0110403521463,0.00897761738031,0.0203968925085,-0.000412214659007,0.00225147442326,0.00357326805499,0.00911355211536,0.0138768693284,-0.00200803154171,0.000677521695726,0.0125080401314,0.0124662637259,0.0194728757238,-0.00768697225061,0.00611190605637,0.00442599802065,0.0120434731935,-0.00377200327385,0.00539479173044,-0.00440848885717,0.00736413937065,0.00181681646572,0.00355459144281,0.00458706407991,0.00637108732095,-0.00299308590242,-0.00253210711906,-0.00263377246905
2017-05-02,-0.00822192258592,0.00457753904071,0.00634471175584,-0.00470107009328,0.00277533858413,0.00305186644966,-0.00304951904646,-0.00158480865455,0.00156491974169,0.012863921776,0.00566867874058,0.00313706743167,-0.0113833533079,0.00496121418764,0.00137175134295,0.0181768088636,-0.0203454518367,0.0317626833874,0.000162594347434,0.00547351284227,0.01155134451,-0.00336784978863,0.0141676501131,0.010350107175,0.00734361135105,0.00600411269877,0.0115211957275,-0.000586883768375
2017-05-03,0.0160622213983,0.0121226186094,-0.00305063227039,-0.0031487827589,-0.00487614828759,-0.00557808213651,0.00223531764706,-0.00317464851955,-0.000892884390801,0.00167105806548,-0.00198348380253,-0.00875621068975,-0.0109289941513,-0.0052832595835,0.00528376750784,0.00771181830142,-0.00313475705329,-0.000611600420216,0.00341410740941,0.00195725727997,-0.007337121266,-0.00467897675493,-0.00203725256003,0.00813498066089,-0.00301662625546,-0.00746046000958,5.82849157111e-05,0.0014679976081
2017-05-04,-0.00305974024927,0.00661074270723,-0.00360397298612,0.00432248571746,0.00662169589452,0.0163181909573,0.00422585974349,-0.00390849070159,0.00424494049696,0.0180181110051,0.0179135621467,0.00473222715895,0.01460142598,0.00931654954897,-0.00136269177849,-0.00351553930709,-0.00943396189332,-0.00224398204814,0.00421253200157,0.00293019728762,-0.00027790010549,-0.0141028912564,-0.00524934367893,0.0131501199387,0.0224407237062,0.00751653683202,0.00700122661537,-0.00117270591695
2017-05-05,0.00383632414117,-0.00465051757046,0.0165836896157,0.00579372396197,-0.000526237740464,0.0150526079993,0.0047924720704,0.00276116855888,0.00711896905623,0.00655513913727,-0.00353851261231,0.0102049146597,0.0208089819087,0.00363069294823,-0.00272898470663,-0.000814043700154,-0.0361111096781,0.00797380903701,0.00532435419063,-0.00292163631681,0.00227917693756,0.000529819755388,0.00263852235009,0.00943949796817,0.0160296276527,-0.000298358716703,-0.00135191286858,-0.00381570296448
2017-05-08,-0.000509571218446,0.00884999446831,0.0271884240239,-0.00337387149977,-0.0061866385781,-0.0093918782417,0.015355979704,-0.000869435170906,-0.00176725091565,-0.022468152597,0.000136584979761,0.00139863256848,-0.0100971425869,-0.0192937015211,-0.00488658689333,-0.00760451487835,-0.0111157261789,-0.00263693717316,-0.00593811087832,-0.00476159690088,-0.00260682849533,-0.00317707561454,-0.00380119871926,-0.0140268552301,-0.0160193448997,-0.00776113432836,0.0104429043417,-0.000294608140678
2017-05-09,0.0124904962437,-0.00206529743282,0.00640490280945,-0.000330300756267,0.00119196960909,0.000997914482805,0.00641609769038,0.00145047601687,-0.00154890102114,-0.0206529461905,0.00379218076015,-0.00605258183852,0.000962265648076,0.00245914898865,0.00216067308358,-0.00465250859538,-0.00582851790175,0.00101694126569,-0.00387464226399,0.0011654633317,-0.0116776848563,0.0172642220588,0.00675077781039,0.00177821566223,-0.00394677323737,0.0144404022599,-0.00133967499116,0.00147362216328
2017-05-10,0.0281973932695,-0.00195461002498,-0.00474064253402,0.0010737675129,-0.00291038269649,-0.000498485117237,0.00865211788033,0.00391063789168,-0.00177303669898,0.0112244953577,-0.0451879175012,-0.00772891474634,0.0117284739318,-0.0124408722889,0.000391977542095,-0.00989827698876,0.0142378565426,0.0115806580337,0.00437601391614,-0.0166033952627,0.0135036286709,0.00992167511288,0.000874723057572,-0.0186390833917,0.000742894083656,0.0047449583409,0.0095821974942,-0.00176580341377
2017-05-11,0.00954944390568,0.00109964807749,0.00864835413928,-0.0033002799661,0.000530706260469,0.000997518074605,0.004966173927,-0.0122637206954,0.000444074447028,0.00369997954842,-0.00614321853008,-0.00645160777709,-0.0049410204029,-0.0074521310396,-0.00626957788052,-0.00888642876784,-0.0140379857159,-0.00180759184962,-0.00419560302987,-0.00267898133298,0.0143785240202,-0.000775608606329,0.00291284573767,0.00331627997083,-0.00395936998117,0.00708376602468,0.0024677144108,0.0020637972915
2017-05-12,0.00533597773058,-0.00078460909543,0.0139656445955,0.00132441795674,-0.00172393726302,0.00697556703314,-0.0151617136662,-0.00116848441411,-0.00510434337055,0.0318364814577,0.0025474728433,-0.0012670620939,-0.00401062115904,0.00732933236221,-0.00571770929972,-0.00448299625373,-0.0171691799485,-0.00663987914205,-0.00145843496473,0.000874549990339,-0.00700523043566,0.0106080388593,0.000290415335463,0.0141226266263,0.00944100666525,-0.00146538691282,-0.000757421757548,0.00147099138152
2017-05-15,0.0253316842901,0.00427157896845,-0.00256256680117,0.0106647521375,0.0065089677992,0.0197922162782,0.00957916502271,0.000731243974287,0.00669196030069,-0.00649565935454,-0.00240349958212,0.0143514442455,0.00460198733537,0.00683227329079,0.0128891710759,0.00281452545238,0.0115040908182,0.00810210670654,0.00941250143754,0.00565795021082,0.00473988616864,0.0130568138533,0.00783972148199,0.00414811851852,0.00713746378094,0.00322864690343,0.00776957230672,-0.00499418316703
2017-05-16,0.0261176556124,0.00561916365688,-0.00147717186711,0.00728015759582,-0.00382729869857,0.00776321519052,-0.000564735124418,0.0201353253463,0.0,0.0323635668701,0.00881569154425,0.00343933774237,0.00400832475231,0.00202701507526,-0.000978911105306,0.00533254723483,0.000421229991575,0.0114526823388,0.00209010149357,0.000125029597533,-0.0081733713763,-0.00227451677179,-0.00460962271995,0.014458601784,0.00953092205431,0.0184318607373,0.0060172537315,0.000590493079141
2017-05-17,-0.0671864409923,-0.0232632901887,-0.0335756327145,-0.0219262841793,-0.0131161552478,-0.0105922769354,-0.0237342442224,-0.0278058652858,-0.0177265943117,-0.0155161691502,-0.0186414400954,0.0184623133884,-0.0285170600853,0.00589272190689,-0.0386046525212,-0.0217754520927,-0.0362105684211,-0.0256257647994,-0.0253489993333,-0.0183136243207,-0.025938832956,-0.0141843827286,-0.0150506516657,-0.0104712329706,-0.0157347216758,-0.0353346442018,0.000934585281453,0.0177044266068
2017-05-18,0.0250737736947,0.00884131011421,0.0152412287567,-0.000332079517703,0.00443014937616,-0.000486500343899,0.0156286877389,0.00340832654884,-0.000225502521528,0.00418137026259,0.000189391270862,-0.0211105824514,-0.0019568804631,0.0201101272998,0.00489187539323,0.00513696183174,-0.0100480126714,0.00122328238987,-0.000987710163608,0.00573026205075,0.00323637666257,0.00308330349197,0.00176317959927,-0.00646681363904,-0.00024593440775,0.00446688478458,-0.0059757346074,-0.00347935613341
2017-05-19,0.0200239394908,0.00436614834298,0.00340899501508,0.00481724733092,0.00280677367598,0.0292111953001,0.0262167550593,-0.000295317862241,0.011958353052,0.0227418782557,0.00682059865492,0.00265667830472,0.00431378820638,-0.0117424589925,0.00730228620838,0.00511079413647,0.00132396293027,0.00570144561797,0.011698841557,-0.00917957367485,-0.00158457407336,0.0102458206608,0.0126136696979,0.0147928998459,0.0140221843633,0.00296477912837,0.0120233173685,-0.00669188265033
2017-05-22,0.0290349523201,0.00986747264776,0.00607604731766,0.0142998588944,0.00266570374029,0.0113528766684,-0.00655333784909,0.0112275622078,0.00914159833617,0.016598793582,0.0111376637894,0.00319507544908,0.0158140203609,0.01084121683,0.00281910806394,0.0104519145787,0.0154252968081,0.00769388555768,0.00293161336196,-0.0222988516749,0.000510043569759,0.004817548507,0.00144843568946,0.00379011672857,0.0016982018141,0.000886757263568,0.0113235113695,-0.0052724078873
2017-05-23,-0.0121087265497,0.00672148386834,-0.00123383466661,-0.00456359531138,0.00332307659996,-0.00046761374867,-0.0054785888757,0.00336026280639,0.00441891429505,0.00492915825024,-0.000262578066553,0.0,-0.00672683710817,0.00351782347514,0.00622489820163,0.00251606300148,-0.00998272526117,0.00723329314848,0.00422217484974,0.00686186685669,0.0068556790257,-0.00126170163511,-0.00289265258895,-0.00377580598315,-0.000242255736657,0.0221500288792,-0.00513946644203,-0.0017666961651
2017-05-24,0.0138759836873,0.00727422295326,-0.00299093211779,-0.00163733524429,0.0025170976271,0.0107627123192,0.0109050144206,0.00131030750106,0.00615933811162,0.00214581445855,0.0113789564599,0.00442790950434,-0.00367650048253,0.0255642641191,0.00179609237274,0.00725034032152,-0.00219197729908,0.0183522437991,0.000808469161357,0.00344005628462,0.0133362644041,0.000252648956811,0.00464171730079,-0.00233230327499,0.00290708438209,0.0060675814485,0.00756458199641,-0.00265489659853
2017-05-25,0.0122034961817,0.0145763650317,0.00345634638438,0.00943010549983,0.00475760724245,-0.000462944951978,0.000556083197422,0.012360183108,0.0100568298886,0.00489447818149,0.00632326020059,0.0135343481887,0.0114586007286,-0.0351813034872,0.0079681091888,0.00387600056144,-0.00483304042179,-0.00235061708816,-0.000484692914476,0.0053685437771,0.00788533923343,0.0164183386352,0.00577536801111,0.00438334294613,-0.000966227423692,0.0114876794945,0.0140999700417,-0.00473229799668
2017-05-26,0.00878871626147,0.0014216069015,-0.00168966653677,-0.00170592536939,-0.00184142057822,-0.000463206376209,0.0195620982598,0.00488350753407,-0.000865827242615,-0.00273969388428,0.00186514402546,0.000457876826895,0.0061443097608,0.0371554522913,0.000988197255842,0.0,-0.00309050772627,0.00510502650697,-0.00274816531277,-0.00270211347419,0.00870529853807,-0.000248604941887,-0.00344539170569,-0.0119290082028,-0.00362675284746,-0.00908571808388,-0.00451423872277,0.000297117367185
2017-05-30,0.00647828543723,0.0029196119299,0.000390519154607,0.00716081288242,-0.00144945217129,-0.0134383164921,0.0106834837888,0.00643238875761,-0.00303290137598,0.00122102813541,-0.00346052519821,0.00770332629936,-0.0055343943463,-0.0207448357033,-0.0102665011463,-0.00220626215795,-0.00575726306466,-0.002539519487,-0.00372831639194,-0.00748333444317,0.00131086313635,0.00298282771258,-0.000288043799713,0.00559490593625,-0.003639880127,-0.00802300813622,0.00308357759904,0.000297029114676
2017-05-31,-0.00366224932306,-0.00911486609209,-0.00592173224902,0.00565569867006,0.00395888857729,-0.00610624899954,0.0149929782655,-0.00809553735263,0.00543239461689,0.00914629545844,0.0105736442532,-0.00703900277531,-0.00134321508281,0.00986898064675,-0.00598445139412,-0.00193473054498,-0.0075723827362,0.0225224829118,-0.00455580257237,0.00903478984099,-0.005291316953,-0.0052043810336,-0.00922190175153,0.00673496300234,0.00292256159125,-0.00924321228317,0.0057866292031,0.000891090044021
2017-06-01,0.000111423349449,0.0012156449434,0.00274937063978,0.00658793148617,0.0110409308722,0.009924479699,0.0145590119991,0.00372277927905,0.00389020849081,0.00392748717056,0.00731450290007,0.00487855364389,0.0134512465295,0.00614995897318,0.0146497217781,0.000276834179897,0.0201974407452,0.0181957674429,0.00653810632755,0.00644164416187,0.029284395878,0.00896859651265,0.0104712329706,-0.00581736457774,0.00777079519402,0.0142857730112,0.00827043633149,-0.0077151926494
2017-06-02,0.0271745920282,0.00792279308128,0.0148191832589,0.00359168841881,0.00650022391504,0.0102947848239,0.0136168009467,0.0236805203864,0.00409040896346,0.00842612378559,0.00271840531981,0.00500635398517,0.00398180188507,0.0149041455275,-0.00573570414788,0.00553718749156,-0.00439951605807,0.00677200902935,0.00162389694989,0.0186250669528,-0.000586068898354,0.000493844342981,0.00604487587537,0.00555877706261,0.0108434072837,0.0152342335374,0.00588442275495,-0.00358848694942
2017-06-05,0.00628854874892,0.00779023615523,-0.00977805534255,0.00668043299137,-0.0028416023189,-0.00694767258069,-0.00382344746792,0.0072463459499,-0.00707543369105,-0.00268576416964,-0.00231017800486,-0.00664204199564,0.0118979327991,-0.00107248195252,0.00696238933196,0.000550689006206,0.00618652258889,0.00523167040359,-0.00129704091607,0.00672324161716,-0.00474465233415,-0.00567624556189,0.00600855490677,-0.0512073916557,-0.00738978862271,0.00651186296716,0.00053183106801,0.000600240096039
2017-06-06,0.00183170927558,-0.00717218389064,0.00337821795111,-0.00197499662268,-0.00246101735843,0.00606343358648,0.00186721987827,0.00332036375066,-0.00863744537444,0.00837831044047,-0.000909277450601,0.000683885192246,-0.0138111865461,-0.00338627673392,-0.00316087826797,-0.00577874713568,0.00570926657883,-0.00743488861403,-0.00373376360895,-0.00430658636725,0.00514213081186,0.00645326435279,-0.00113768486917,-0.0116528975267,-0.00528346289917,-0.00225029542195,-0.00283491871238,0.00299937012597
2017-06-07,0.0129060349991,0.00483606276222,0.00595659203196,0.00174145745894,0.00272684996666,0.00370885172818,0.00238140396808,-0.00179249748661,-0.000871384201056,-0.00237393939412,0.000269866553103,0.000911233974559,-0.0179787956844,0.0237010692678,0.0101071549605,0.00359802326786,-0.00960698689956,0.00842689107015,0.00602906475027,0.0133517631517,0.0071124002155,-0.00320599291532,-0.00113886677502,-0.00434377908781,0.00217284579293,0.00845782327438,-0.000710632714235,-0.00149521535572
2017-06-08,0.0339774570738,0.0027758652022,-0.00244575141976,-0.00300279069693,-0.00284906619944,-0.00415702276917,0.00909001155025,-0.00607829616391,0.00719436027345,-0.000594957432579,0.00106328920017,-0.00644819974804,0.0,0.0182141496282,0.0153030287584,0.00606729734483,0.0158730599647,0.0100278740957,0.00777451816383,0.00612386986268,-0.00392932598802,0.0044532470192,0.00456100316072,-0.00592084761608,-0.00168633791771,0.0103438356164,-0.0163585220601,-0.000598981748996
2017-06-09,-0.089546083432,-0.0340144511626,-0.0387767253447,-0.00277402996999,0.00675316059935,0.00371052483549,-0.00706317930058,-0.0226546003282,-0.00108220227476,0.00773823603028,-0.0265591529541,-0.00526842164855,0.0,0.0184449761092,0.0170048309141,-0.0211074615686,0.0282118043311,-0.0182018205222,0.00755377964274,0.0086689430907,-0.00357158647623,-0.00886690810955,-0.0130534328574,0.00344821316614,-0.000482610697419,-0.0332042067848,-0.00759215824294,0.00149832189087
2017-06-12,-0.00518841501454,-0.0085659475558,-0.0238958678256,0.00381496885459,-0.00128993583702,-0.0101663385269,-0.00639178350515,-0.00767910687995,-0.00346701736934,-0.00679270504885,-0.0158133048222,-0.008443456198,0.000385485070864,-0.0117877175479,0.00513024022061,0.000560067721614,0.00802017695145,-0.0232210103663,-0.00143558760282,0.00499821527815,-0.000962912566399,-0.00894630842129,-0.00690046023291,0.0112465174162,-0.00772574476536,-0.0226101036809,-0.009653928554,0.000299281885056
2017-06-13,0.0153061557425,0.0090350506005,0.00804563768579,0.00609658108377,0.00206674529123,0.00653597775073,-0.00114131566117,0.0124677219603,0.00717541230903,0.0136782324361,0.0168396020763,0.00781871491611,-0.00577919476788,0.0101113934891,0.00737231900379,0.00419819895674,0.008375251607,-0.00191715874233,0.00910541197232,-0.00272929131114,0.00224906365645,0.00576723776061,0.00521134900952,0.00061785605863,0.00827249970965,0.00907751044934,-0.00257496917489,-0.00448701764882
2017-06-14,-0.025460650326,-0.00264812673879,-0.00975500139416,0.00141656310909,0.0047692070338,-0.00974025714211,-0.0200477932912,-0.00537868196351,0.00215899320213,-0.000357074854219,-0.00646048584815,0.0023810756423,0.00213130105275,0.00179874397983,0.000562958473763,-0.00975476054683,0.00290697674419,-0.0030733576052,0.0,0.0040747820293,0.00860230182667,-0.00448766483769,-0.00432030517511,-0.00493976551219,-0.000723891538172,0.00116079515847,-0.00350356569085,0.00120195316112
2017-06-15,-0.00653150362197,-0.00800677740751,-0.00599346324325,-0.00172886701526,-0.00102620427562,-0.0163935174327,-0.00996389696688,-0.0052653459831,0.0,-0.00654753015164,-0.0122351560559,0.00777759335198,0.00956855541341,0.00327867714883,-0.00525129133567,-0.00619195599523,-0.00248447204969,0.00751443130966,-0.00680701263852,-0.00599636502597,-0.000106030355657,-0.0115201084163,-0.00578539195835,0.0,-0.0142477950834,-0.011884057971,0.002405610606,0.00210081032413
2017-06-16,-0.00772779925691,-0.00162469329852,-0.0139994906683,0.00417219511067,0.00165023381828,0.00571440197672,-0.00438976435996,0.0014306433943,-0.00533399267946,0.0164769018431,-0.00364247522578,0.00825244259422,-0.00696329464444,-0.0161843085389,-0.00282813555556,-0.00283203291908,0.00207550850976,-0.00860587093888,0.00223144442119,-0.0102980755534,0.00641068604959,0.00278688366066,0.00465522271327,0.0179956872479,0.0105341022443,-0.00381346435905,0.00959935012551,-0.000299430976323
2017-06-19,0.0417296760326,0.0173165342749,0.0286075565941,0.00164627955938,0.0104260625856,0.00757570260602,0.020647446406,0.012428537707,0.00890142440989,-0.00324196875921,0.0271772548736,0.00287991199636,0.00876509305495,0.000870010086592,0.0117225165652,0.00852028555278,0.00911358778432,0.0210262345679,0.00858773994807,0.0164388697825,0.0146346173856,0.0141485699704,0.0153490302736,0.00213349582038,0.00630295989041,0.0276797122403,0.00329134303952,-0.00838834606386
2017-06-20,-0.0336978302,-0.00638828283388,-0.00908853682127,-0.00970492838618,0.00331212220515,-0.017550553224,0.025603117665,-0.013545895799,-0.00731651131441,-0.00177415730337,-0.000518449455845,-0.00853925851322,-0.00830275190789,-0.00679575443727,-0.00691463354988,-0.0183047050739,0.00205250402083,-0.00774607972794,-0.0112154909767,0.00726872433402,-0.00383934270153,-0.0111100237436,-0.000285282364938,-0.0139903584553,-0.011548150888,0.000859541498021,-0.00929467736372,0.00664658650433
2017-06-21,0.0194528131917,0.00990726127109,0.00593068130433,0.00458392227326,0.0126967701169,0.00533975728155,-0.00975957508772,0.00514938954483,-0.00130071537167,-0.00325817554847,0.00926166832073,-0.00449697417632,-0.00369944298279,0.00326202036406,-0.00922085518913,-0.00803207790739,-0.0020482998771,0.0194211919269,-0.00500883834236,0.0304288894227,0.000364588728541,-0.00101214574899,0.00855917285476,0.00555212865837,0.00123759894863,0.000858831949613,0.00275930638402,0.000900300120048
2017-06-22,-0.0058956577969,-0.00201313312587,-0.00164518220198,-0.0395720252602,0.0104061450656,-0.00965712262951,0.00248986411962,-0.000142222354988,-0.00368994190861,0.00594341718018,-0.00259665213499,0.00199067124833,0.00429941141855,-0.0229183397681,-0.00474831501423,-0.00636206436914,0.00738916225824,0.00616357851768,-0.00211109119483,0.0144149825888,0.00671623349163,0.00658566362715,0.00282893933969,-0.00920242387745,-0.00271943132956,0.00457665916981,-0.00348556914241,0.000299940047973
2017-06-23,0.00102642563869,0.00969674187349,0.00446327985224,0.00540624159414,-0.00148892043778,-0.000487567040468,-0.00269061376458,0.0135211442937,0.00196076198768,-0.00384038427417,0.00609253953235,0.00771756923679,-0.00214051272925,0.00584370489298,-0.00496191161459,-0.00494769101644,-0.00122253458751,0.00853913140039,-0.00179008947453,-0.00759414656491,-0.0164977152802,0.0007548565297,0.00394919593937,0.0142414555493,0.00123943976202,0.0128132406837,0.00055229364219,-0.00119907070746
2017-06-26,-0.017545790733,-0.0141974866561,-0.00314458094693,-0.00325892136541,-0.000994226794218,0.00487804878049,0.00166022615979,-0.00954916090838,-0.00217443630068,-0.00326215885937,0.00109905508682,0.00439796821265,0.000390102136718,-0.0313080118179,0.00728807807627,-0.00350980144453,-0.00734394124847,-0.0108595615366,0.00570588522987,0.00678256627614,-0.0106220585752,0.0115665074177,0.020230429896,-0.00885216781759,0.00346620459188,-0.0134945178521,0.00883169077656,-0.000300090036014
2017-06-27,-0.0542734528259,-0.0246890713138,-0.0143327949108,-0.00122601593737,-0.00908067421907,0.0145631067961,-0.00745883152863,-0.018715532546,-0.0047941231862,0.00148762268707,-0.0096410918745,0.0248376518494,-0.0142300744457,-0.0188254666067,0.00875512086277,-0.0123274245289,-0.0164406083025,-0.0187942307855,0.00437672239223,-0.0162375649969,-0.00393300515226,-0.00994277902063,-0.0110162762045,0.00338777322489,0.0019738959283,-0.00512966657167,-0.00127671066773,0.00720498327214
2017-06-28,0.0399754123859,0.0136273799239,0.0146106960123,0.0126851070188,0.00527237507143,0.00813397129187,0.00855859531486,0.00852493683909,0.0096343470129,-0.0109922459893,0.0171989565451,-0.00898707134524,0.00751428947959,-0.00602768112226,0.0109910798201,0.0163446033464,0.0196406184705,0.0314811113218,0.0167850390056,0.0188469195504,0.00272126083807,0.00502126512572,0.00250626566416,0.00613864296264,0.0103422307229,0.0114580635921,0.00675677316359,-0.00804769025477
2017-06-29,-0.0494044935598,-0.0241308651925,-0.0147432698873,-0.00606109074877,-0.0091159141834,-0.000474655908875,0.0186277869801,-0.0187679860773,-0.0104098228695,-0.016521447386,-0.00699391669326,-0.01271085284,-0.000196214326492,-0.00179363488379,0.000187457726365,-0.0192981454009,-0.00983606557377,-0.0178341794049,0.00317461904762,-0.00850236886748,-0.00399103385142,-0.0102423185172,-0.0108333055556,-0.0292861204785,-0.0155983430563,-0.0226565555747,-0.0281153011239,0.00841352188743
2017-06-30,-0.00769043633005,-0.00867971885782,0.00236646739376,0.00561026821567,-0.00138626904414,0.00854705643623,-0.00650207253886,0.00642429306583,0.00613625401063,-0.00427623675771,-0.00344699227725,-0.00376454710575,0.00176679601843,-0.0104389284517,-0.00131182657047,0.00596300401621,-0.00206949503311,0.00467989534556,-0.000632927205175,-0.00208587758503,0.00512901733805,0.00227158006743,0.00421221555147,-0.000628566939032,-0.00148544197785,0.0118806150032,0.0100782840859,-0.00178787241395
2017-07-03,-0.03549995,-0.010992998749,-0.00361056807056,0.0020212973237,0.00176681584962,-0.0018831920904,-0.00214744859242,-0.0110257032128,0.00631676424084,-0.00613484700214,-0.0146429948395,-0.0068773084849,0.0154810463908,0.0122783657567,0.0148246103393,-0.00829882184715,0.00207378672444,-0.0149058883885,0.0113996358455,0.00330950676449,0.00781377104761,0.0103248554602,0.00167790837125,0.00408808188956,0.000991743070085,-0.00916380350308,-0.00535840688446,-0.00208955223881
2017-07-05,0.0506738698458,0.0139212012417,0.00411139209405,0.000968305647127,0.00592089707703,0.00377358472766,0.00573885005659,0.0133490495021,0.00844151346339,-0.00185191346593,0.0124136685627,0.00639225032209,0.00482436044615,-0.0120440492582,0.00203395926339,0.0263000835303,-0.00289735099338,0.0329109520127,0.00297431116195,0.00844901830973,0.00870249114942,-0.00398803599173,0.00279168062535,-0.00532414657062,0.000990859573715,0.00346829499817,-0.0016719255547,-0.00149563266527
2017-07-06,-0.0141852966572,-0.00490207447598,-0.00943850965029,-0.00894798564878,-0.0128991947008,0.00657890006678,-0.0169145711933,-0.00738279974046,-0.00965872379812,-0.00278293135436,0.00337084954866,-0.00536865632865,-0.020933323196,-0.0038907176191,-0.00811958180617,-0.0206755418217,-0.0107928601079,-0.0208752971823,-0.00546275948182,-0.0145758020578,-0.00507188678426,-0.0115114867746,-0.0153117770218,-0.0132241813602,-0.00247461024499,-0.0198733289207,-0.00502417671354,0.00868774689372
2017-07-07,0.0330330338597,0.0141426510706,0.0101589914257,0.0103302047268,0.0050749059154,-0.00373482726424,0.0182420703283,0.0129794469755,0.0119202048769,0.00496124031008,0.0246755059504,0.0121636027152,0.00372693845559,0.00225674997457,0.00111630147611,0.00743374010382,0.0058749055812,0.00935103779033,0.00313868482205,-0.00168887585127,0.00698971874251,-0.000506329113924,0.0016963811619,0.000957275047862,0.0029769039202,0.00587719676395,0.00467549139127,-0.00623697690745
2017-07-10,0.0236192350683,0.0108310945054,0.00610357425812,-0.00120762307678,-0.00189348840143,0.00890351452671,0.00101789497186,0.00748640708733,0.00214183627777,0.00709654427646,0.00173049048736,-0.0144959115833,-0.0177838574838,-0.0265869973069,0.00130085603373,-0.006788538319,0.0221110146897,0.0179729105434,0.00250319156768,0.00449165967144,0.00266161213803,0.00177302431611,0.00451594693762,-0.00382534256215,0.00321545881771,0.0236634823254,0.00558449073477,-0.000896563087166
2017-07-11,0.0150277715057,0.00266038801262,0.0032399932719,-0.00169272460965,-0.00113820768137,0.00418021346121,0.00457601198194,0.000142826075508,0.00320574830827,-0.0104166669858,0.00381413358481,-0.00213419428188,0.000795855488648,-0.00186831649391,-0.00389755386345,0.00802358589695,0.0212244897959,-0.00327631968104,-0.00187270593406,0.00650409881648,-0.000104024791428,0.0189633380269,0.0137679685305,-0.009280032,0.00542401367298,0.00428076471801,0.00573864738263,0.000598294944661
2017-07-12,0.0343903478012,0.0148185621535,0.00144303210264,0.0130803538688,0.00683714241842,0.00185009242136,0.0105273913298,0.0165738185566,0.00553904260214,0.0207430966174,0.00882773749482,0.0225312180107,0.0,0.0241555013591,0.00167687338213,0.00972888707942,0.0135891686651,0.0326881129543,0.00328328648035,-0.000288500828516,0.00749603947082,0.0210918863795,0.0108092843232,0.0177648907547,0.00637572355017,0.0238704184106,0.00865077248006,-0.00747384133113
2017-07-13,-0.00664943063284,0.00122977392184,0.01392894597,0.00207221686268,0.000880240491699,0.0064634810711,-0.00210356602016,0.00871388206118,-0.00148299386448,-0.0118289047064,-0.00281582528232,0.00194204937807,-0.00119276294918,0.0273280351756,0.00706850747715,-0.000291985764414,0.0,0.0238727325176,0.00576598116771,0.0102152130864,-0.00511521463244,0.00243008493657,0.00219352886774,0.00190415741035,0.00389863538259,0.0130447131014,0.00894162880028,-0.00180728910219
2017-07-14,0.0253007037134,0.00831913835956,0.00859431980217,0.00771486986587,0.00678474114029,0.00550463328003,-0.00301147350899,0.0140728260561,0.00594093488321,0.0131981575692,0.00524039998804,0.0141642518949,0.00119418733158,-0.0124534186616,-0.00738822795871,0.0128504786334,0.010646608413,-0.0127806904048,0.000154973657345,0.0119401555953,5.19353331298e-05,0.0155151272727,0.00601917937125,0.0117200190054,0.00655339789919,0.0158904657534,0.0113944346824,-0.00422447206471
2017-07-17,-0.00442626963286,-0.000972403830706,0.00348905741401,-0.00220988025888,-0.00361906433186,0.0036496350365,-0.00100683648812,0.00783180497856,-0.000632714225523,0.000302999109543,-0.00277313917066,-0.00470455002288,0.00596419995939,0.0235910000326,0.00130255046436,-0.00605535407356,0.00156071016624,0.0073478306508,-0.00278853588899,0.00152429116133,-0.00244082867954,-0.00405820014462,-0.00707103617079,0.0,-0.00265251982994,-0.000809142351179,-0.00143055929295,0.0
2017-07-18,-0.00111145936299,0.0112606969059,0.00347691950627,0.00751464045781,0.000751541478413,0.00681818181818,-0.00453541620101,-0.000681676702653,-0.00295480445702,-0.00363410054512,0.0158214661916,0.00576074434923,-0.00770744659089,0.000921874046549,0.00223005755454,0.00174058708213,-0.0101285547332,0.0239666021547,-0.000155382935123,0.000450980502652,-0.0137435112808,-0.00143818309113,0.00356069589486,-0.00281781456425,-0.00145072530342,-0.00674763850871,0.0,-0.00030296969697
2017-07-19,0.0233670627562,0.00589696330031,0.006263345529,0.00321896761927,0.00813514336611,-0.00135435665914,0.0145793463981,0.0076398060296,0.00804393663408,0.00364735540138,0.00802533400814,-0.00558080287817,0.0288787178141,0.00234445874049,0.00129794290677,0.000868854295778,0.00905151515152,-0.0103460144224,0.00341828770326,0.00957846550566,0.00443386852984,0.0122419107057,0.00682314429102,0.0034536577708,0.00290554486454,0.00760877738067,0.0012535461639,-0.00575941159385
2017-07-20,-0.00945963890987,-0.000584242058397,-0.00450280037245,0.00594764573581,0.0065798246754,0.0103977843401,-0.00409136816776,0.00487409806156,-0.0014699985762,-0.00726835251363,0.00357411529832,0.00605531445761,-0.00638785747826,-0.0164564645642,0.000925932151653,0.00549764626471,-0.0218408354852,0.0126821255418,0.00263236287915,0.000781460017836,0.00210208595639,-0.0021341238859,-0.00731905685332,0.0075094495466,0.00579435083507,0.00269681754602,0.0169916458731,0.000304939033687
2017-07-21,-0.00329302971006,0.00166301312921,-0.000465556625941,0.00241179242212,-0.00111009011331,-0.00626402684564,0.000500951888749,-0.00579355750348,0.00420617598961,0.00213541800291,-0.00216582270226,0.00484429523114,0.00506517533859,0.00866323472689,0.00481044505004,-0.000575540093974,0.0139553429027,-0.00710783550516,-0.00447877992278,0.00496316617611,-0.000209846593093,-0.000950594061283,-0.00628072108904,0.00217388192007,-0.00768122899664,-0.0153307961269,0.00404496646503,0.000304754638685
2017-07-24,-0.0115639093096,0.00449767656621,0.012111433019,-0.00651930751116,-0.00037044126095,-0.00315173359531,-0.00240357541119,-0.00257490091036,0.00146591222089,-0.00882791530155,0.00356911656606,0.0012418316467,0.00174453557386,0.00766247908784,0.00110471715036,-0.00662253711283,-0.00235937868659,-0.00153393562413,0.00263726346009,0.00471668620677,0.00183584688572,0.00356798278858,0.00851887904696,-0.00371856213201,-0.00266086115143,-0.00628243632116,-0.0103345571155,0.000304753199269
2017-07-25,0.00133708077994,-0.0293295359745,0.00427391462789,0.00734324720188,-0.00716403491893,0.0140018976514,-0.00602348151768,0.00801634247893,0.00146385053789,0.000921345180548,0.00744253221791,-0.00328302513978,0.0170279116739,0.0277429304656,0.0134264715391,0.00492746782892,-0.00748919954713,-0.00546268332323,0.0111403532945,-0.000938875341949,-0.00219890150558,-0.00213323067393,0.0,-0.0108865623088,0.00266796022314,-0.00164928527627,0.00265493735782,-0.00243685638521
2017-07-26,0.0210303653823,-0.0038389223127,0.00471385558759,0.00434269634667,-0.00335898560021,0.0124721152574,0.00464598516017,-0.00188707313169,-0.00125282902292,0.00184111690703,0.00808163315429,0.00914950181606,-0.00589804886617,0.0259370765172,-0.00399270547285,0.00230755992865,-0.00158860206513,0.00909720250934,-0.000612088771602,-0.027641115893,-0.0293315171625,0.00997629501075,0.00217978195695,-0.00440248441517,0.00846635220126,0.0198238160793,0.00759041517685,0.0
2017-07-27,-0.0333479177561,-0.0132599766153,-0.0188974367257,-0.0104237958014,-0.00686563758967,-0.00131979762429,0.0639388854535,-0.0120188202808,-0.00334527132002,-0.00490045911789,-0.00399368248029,-0.0218321524906,-0.00708132955249,0.0168805967534,-0.00510202748219,0.00633094103371,0.00159112973712,0.0231332025322,-0.00566522755061,-0.0212633174586,-0.00794640103024,-0.00352777516463,0.00217514959693,-0.00157924826279,-0.00239863282319,-0.0234882013097,0.0,0.00122140458015
2017-07-28,-0.00417130792011,0.00611017935654,-0.00704043791273,0.00187256608204,0.00502770367071,0.00484572665878,-0.0282529145185,-0.00164030853229,0.00713241695958,-0.00554019664265,-0.000508573454657,0.025804523428,-0.0107942150414,0.000546631763479,0.000915738669162,0.00972262821166,-0.00516286735504,-0.0157938648115,0.00230973198923,0.0138832614275,0.0232672088266,0.0011800566717,-0.00542596295643,-0.0101233783574,0.000961793700409,-0.00635883363886,-0.00490541595787,0.00152482459516
2017-07-31,-0.00928336897355,-0.0133878901552,-0.00515046794381,0.00327113702532,-0.000875409312944,0.00175366075202,0.0205173189622,-0.00465505059701,-0.0039575362401,0.00495202708288,0.00219358164806,-0.0145294099944,-0.0220187232642,0.020368338915,0.0031106812739,0.00453135539,0.00239528951678,-0.010979763328,0.00476272882241,-0.000171885949888,-0.00841360753352,0.00282892516874,-0.0016367157665,0.0131032274496,0.0,-0.00584304412474,0.003345094911,0.000609043848965
2017-08-01,0.0109701631592,0.00112109783184,0.00887512495594,0.00807320304798,-0.00225315047081,0.00437641137856,0.0108623061704,-0.00165049400113,0.00418236405315,0.00338777322489,-0.00192754942075,-0.00264060259785,-0.00398478680396,0.0143786091609,0.00492525386246,0.0248096055076,-0.0350458369157,0.0134927585567,0.00917428106501,-0.00217745402871,0.00247027955022,0.0115185234716,0.0040984155245,0.00410091469713,0.00696605796382,0.00503778337531,-0.00298299100164,-0.00213024947869
2017-08-02,0.00192153270124,0.00114099159301,0.0472509534764,-0.00954878904269,-0.00225813788895,0.00392156845658,0.00216800837659,-0.00440895382775,0.0037484795662,-0.00583189037251,-0.00159043117573,0.014709012342,0.0446089233636,0.00218651869238,-0.00471948667162,0.00797806844666,-0.00412715641766,-0.00370746545332,-0.00196965151515,0.00189513938635,0.0122140716904,-0.00255637932969,0.00734693877551,0.000628338045869,0.00095422237377,-0.000278418267892,0.0036166898421,-0.000915004546661
2017-08-03,-0.00767148023095,-0.00774558575389,-0.00999108578784,0.0108849224871,0.00163461331685,0.00564231746344,-0.000846472911964,-0.00152232175577,0.00829869825515,0.0157456936013,0.00327005200253,-0.00594328933433,-0.00765993965123,-0.00594338815808,-0.00528909567504,0.00338221455214,0.0107749693649,-0.0118403418782,-0.00106269920771,-0.00160502556271,0.0131781099398,-0.00163094136211,-0.00297136682874,0.0,0.00238326983754,-0.00529256237924,0.00194311955585,0.00183156299338
2017-08-04,-0.00568440206553,0.00583855160062,0.00527090372502,0.00138424422046,-0.00225956771708,-0.00302114803625,-0.0214629194729,0.00734580458221,0.00123460913402,-0.00820671682634,0.00236197597966,0.00306242326842,0.00115791420524,0.0181639345403,0.00715065585501,-0.00520698793056,0.00369007805207,0.00753171884737,0.00319147401863,-0.00189459550088,-0.00501461651081,-0.000233325565149,0.00514760227581,0.0021978021978,0.00451733227491,-0.00252030250687,0.00282087442135,-0.00121879951249
2017-08-07,0.0339583927962,-4.22694265427e-05,0.0154741618983,-0.00399387984821,0.00213885857339,0.00779225108225,0.00586821565757,-0.00385243352764,0.00390458882805,-0.00980692584104,0.00485544104984,0.00363445578005,0.00424049321619,0.015163915994,0.000364149675358,0.0035812948645,0.0118464052288,0.0129119603651,0.000605983923467,0.00419904071331,0.000682496469362,0.00373482726424,0.0086253373922,-0.00156638471178,0.000236639053254,0.0137563732105,0.00703231351912,-0.00152528985739
2017-08-08,-0.00608208559106,-0.00164948242136,0.00799696327421,-0.0042410838983,-0.00464534885714,-0.00902066112454,0.00162590860034,0.00538671016644,-0.00102351392966,-0.00649962839679,0.00311361030495,-0.0104294307777,-0.00652589157077,-0.00659009434376,-0.00509560081032,-0.000548998078507,-0.0109002825999,-0.00234818856673,-0.000302861454828,-0.00509792062369,0.0071873888189,0.0072093255814,-0.00160334054534,-0.00909949767495,-0.00544247541138,0.00692328975566,-0.0010474511356,0.00213868010999
2017-08-09,-0.00367149544965,-0.00435292154259,0.00612193522329,0.00379454972736,0.00113529405725,-0.00563498049415,0.00143219703718,-0.00439622026019,0.000819658305176,0.0112149851224,-0.0693996832601,0.00892919437619,0.0100463702573,0.0165843659789,0.000182931579186,0.0049436967866,-0.00816330612245,0.00319431741762,-0.00969256413286,-0.00080607339138,0.00453178425067,-0.00785038079311,-0.0101713327042,0.0085497150095,-0.00404468246597,-0.00770074236247,0.0075148722909,0.0
2017-08-10,-0.0494695684153,-0.0175410493807,-0.0318518121484,-0.010646424808,-0.0124732888619,-0.017872710642,-0.0272692608868,-0.0146267500882,-0.00675673548294,-0.0246456877586,-0.0299874410167,-0.00739942170417,-0.0189364834007,0.0142836619648,-0.0181053732005,-0.0122984695272,-0.0127571610188,-0.0276520538848,-0.0169750729007,-0.0255834409712,-0.0162302162164,-0.028624597891,-0.0275825040562,-0.0122449293564,-0.0150501907537,-0.0302106413409,-0.0166522630823,0.0137195431012
2017-08-11,0.00105728379732,0.00703775464219,0.0139067016653,-0.00031194427299,0.0028068370023,-0.00266320449786,-0.00607719092562,0.0152639344584,0.000618449831567,0.0028427037271,0.00245999124809,-0.00109622696162,-0.00155980600101,7.14827477241e-05,-0.00316630164774,-0.00747094652659,0.00375156315131,0.000344725956567,-0.0012445862048,0.00189225745965,-0.00152867039252,0.00167702435664,0.0111235264495,0.000635759715059,-0.000727601261217,0.00171468981339,0.000882042703864,-0.000601503759399
2017-08-14,0.0533975243915,0.00950441972646,0.0150495939814,0.0116224710758,0.00674296243926,0.0129061420964,0.0116370806383,0.015034449605,0.0103008365819,0.00220472440945,0.01066779558,0.0240707890063,0.0115211946178,0.0167977206547,0.0121449426879,0.0131028997241,0.0128737126246,0.0175740865339,0.0107476952063,0.0132208682756,0.00992456821653,0.00884953339274,0.000550054990372,0.0,0.0109223541038,0.00427965775406,0.00916453968401,-0.0102317484201
2017-08-15,0.000668426901327,-0.000905260249792,0.0109477631174,-0.00239028161518,0.0,0.000439367311072,-0.00419185018148,0.000273278699725,-0.00448618070048,-0.00785669390321,-0.00699590989237,-0.00200040380695,-0.0077218901303,0.0160281196888,-0.000184564535365,-0.00935608145294,-0.00204997958384,0.0106670841404,0.00154105411529,-0.00281498351361,0.00878159991792,-0.00237074442864,-0.00357341936302,0.00158834180432,0.0,0.00142042609601,0.00558861353785,0.0
2017-08-16,-0.000222634157203,0.00659858742093,-0.00402233277145,0.00502386741466,0.00278023370818,0.00219587176109,0.00283896225474,0.00587272595093,0.00307253138904,0.00665191637631,-0.00275144294703,0.0100221895133,0.00933846935226,-0.00574281567638,-0.00350807723533,-0.00527775,-0.0110928512736,0.0100519686723,0.00123098942086,0.00793934401068,0.00186540924404,0.0152091009882,0.00496551724138,0.000317158251914,0.00576223261646,0.00312059574468,-0.000694702997753,-0.00121620557057
2017-08-17,-0.0494432277469,-0.0175903572582,-0.0191984843591,-0.018764906313,-0.0124763455045,-0.0127081069238,0.0268449819046,-0.0169721651874,-0.0149070902627,0.0487728430216,-0.0230368809239,-0.0102062982761,-0.0131071291394,-0.0241474901144,-0.0181582343457,-0.017872186041,-0.0145409638554,-0.016586498315,-0.0179806055018,-0.0208880390973,-0.00718905861593,-0.0187266615467,-0.00905852319517,0.0,-0.0128909289303,-0.0144231613568,-0.00851584969559,0.0152207010789
2017-08-18,0.0111292993073,-0.00159539059901,-0.00228050803066,-0.00117556854988,-0.00459418535319,-0.00443857059749,-0.00190135940866,0.0012430386397,-0.00290219012776,-0.00270026986497,-0.00163817991887,0.00250635511829,-0.000586047523648,0.00213933331102,-0.000754906075587,-0.00454933207559,0.0151771085656,0.0025299038197,0.00391236294484,-0.00309877245812,-0.00489683710988,0.00214694666732,0.00443213320954,-0.00982882023371,0.00338582845881,-0.00200857974224,0.00245398777308,0.00179916052769
2017-08-21,-0.0184219329955,-0.00573322468649,-0.00184122539683,0.00572814219945,0.00448717547015,-0.00445831475702,0.00295270983813,-0.00469024706002,-0.000623721436353,-0.00180511421149,-0.00467401160221,0.00914283421422,-0.00371309996055,-0.000640429182831,-0.00226625868706,-0.00257069423426,-0.00747508305648,-0.000672897050352,-0.00171474663399,0.0052006159149,0.0102083326919,0.011187860566,0.0033095147992,-0.00160102465578,-0.000964111787703,-0.0155260786523,0.00699424736832,-0.000598653097875
2017-08-22,0.0330499996099,0.0212082368912,0.0163475089725,0.0088944485177,0.0121251092248,0.00223909538737,0.0245963525756,0.0139986413306,0.0106095474972,0.0256178119349,0.00924759463534,0.00573327872363,0.0141232783864,0.0183708259985,0.0124929433858,-0.00773184465818,0.00334728033473,0.0242423897561,0.00702681125817,0.0113582478269,0.0102606425784,0.0153013418079,0.0118196808186,0.00898008338679,0.0067551023702,0.0166471660837,0.00573012675812,-0.0101826897329
2017-08-23,0.00754116799158,0.00231815498125,0.00125170234855,-0.00734668521439,-0.00756622444576,0.00446832012816,-0.010288256653,-0.00601425609545,-0.00411691310775,-0.00117534531811,-0.00284893363744,0.00527832168151,0.00657638138242,-0.0144034895275,-0.001121727434,0.000288542551888,-0.0221017097581,-0.012984894806,-0.00186067613151,-0.00629156791885,0.00143620978217,0.00510078819613,-0.00054333060192,-0.00158928803526,0.000239683680805,0.00229813265446,-0.00138118098692,0.00393346456682
2017-08-24,-0.00544344522567,-0.00603662489908,-0.00443800486156,0.00241511146326,0.00292249767808,0.00266908362989,0.00683651439255,-0.000412527497077,0.000620111635052,0.0020593997023,0.00137339354918,0.00672087272633,0.00269020786677,-0.0304342964452,-0.00112298711946,0.00144255626082,0.00383795292802,-0.000832622828187,-0.00124284598837,0.00562128402367,-0.0119346491646,0.00369088829024,0.00951340012195,-0.000636771728749,-0.00287501184116,-0.000286557761151,-0.00311203319502,0.00150693188668
2017-08-25,-0.0187001032623,-0.00682045373277,0.0037043824021,0.00559573013969,0.000253406288268,0.0186334508148,0.00669706061395,0.00178838900018,0.00123945466984,0.00616556059408,-0.0121343478574,0.00305984892187,0.00670749470838,0.0334383352587,0.00299788000895,-0.00115243449013,0.0114697531236,-0.000499983333333,0.00855490731755,-0.00123561049548,-0.00114050428158,0.0160882792962,0.00511585904997,0.00669006074196,0.00889002904589,-0.00573397345946,0.0064169094693,-0.00150466445983
2017-08-28,0.00406699986212,-0.00254701235895,0.0100713123353,-0.00115926922909,0.00531987877667,-0.00566197759852,0.0152452550519,0.000137352375721,-0.00165060190299,-0.00583600817041,-0.00199051343746,0.0106765335959,-0.00913758582194,-0.00672620215824,-0.00298891958667,-0.000576752268633,0.0243595138328,0.00933796882878,-0.00586053398276,0.0120183453512,0.00415201848867,0.000452408967483,-0.000803723503685,0.00158227848101,0.0,0.00374858708189,0.00155092196366,-0.000301446654611
2017-08-29,0.00416610326739,0.00821005134943,0.00891808379936,0.0032497586431,0.00188982135981,-0.00525628558914,0.0192027762797,0.00302074686199,0.0130192590348,-0.0102729380687,0.00958150112253,0.000754601780413,-0.0107588820054,0.01325816211,-0.0043095359079,0.00230874445548,0.00861012745429,0.00792993570015,-0.00372320824889,0.00261961231005,0.00180899936881,0.000904363554149,-0.00214471855616,0.00442341232227,-0.00690642977345,0.0112036767824,0.0,-0.000904401622213
2017-08-30,0.029503343189,0.00842105797489,0.00270088999568,0.00100250556306,0.00515598280555,0.0022017174021,0.00464330752109,0.0131416695493,0.00530392946973,-0.00533807813351,0.00328707447792,0.0111728582638,0.00466104387165,0.032078914417,0.00526901110315,0.00460693924561,0.00406508130081,0.0124570074564,0.0,0.00824477752412,-0.0120208503369,0.0,0.00564210086937,-0.0128971999718,-0.00263791360581,0.0139203973318,-0.00825877509048,-0.00543150287965
2017-08-31,0.0189185599705,0.0123035352188,0.00397914892026,0.00747359389359,0.0170148748228,0.00746924428822,0.00782150017205,0.0102688147475,0.00568184471831,0.00626115067796,0.0215554087148,0.0035927405231,-0.00444606501787,0.00552105904932,0.00299522452383,0.00515910017653,0.0315789056041,-0.00145701796989,0.00404861407585,0.0237259438086,0.0237074989137,-0.000677614637452,0.00133582687684,0.0117909818926,0.00577066602549,0.0123284396842,0.0098889661674,-0.00515770646716
2017-09-01,0.00670182399589,-0.00340228637204,0.000304896341463,-0.00504731545512,-0.000738049487171,0.00348887919756,0.00485054241865,-0.0111006424141,-0.00221948424632,0.0056296,-0.000680321600543,-0.0154001891358,0.0062135049505,0.0273183692704,0.00578568222842,0.000570287995438,0.0172684458399,-0.00356681258106,0.00248132742798,0.005287748095,0.00709040835202,0.000451989129657,0.00533617929562,-0.00188973228346,0.00239058080848,0.00608903941077,0.00137436868879,-0.00243982914182
2017-09-05,-0.0317581151945,-0.0110400425534,-0.0120085398596,-0.00253646004153,-0.0043088474567,-0.00651886136462,-0.0150956728963,-0.00446309157525,-0.00768458256969,0.00824991185179,-0.00428455021632,0.00802628728505,-0.00694717035626,-0.012537139712,-0.0233808915945,-0.00199487033343,-0.010802507716,-0.00309142536758,-0.0198019495638,-0.0110234565656,-0.00126629043759,-0.0137821063616,-0.00690026539278,-0.00126225934799,-0.00715475792988,-0.00715262762876,-0.0034311373575,0.00794870094615
2017-09-06,0.0135256648611,0.000573607523763,-0.00104885240562,0.0104029099603,0.00482190125631,0.00349956240159,0.0121190606655,-0.00285285962705,-0.00509474823363,0.00321452357643,-0.000238790159162,-0.00592078066891,0.012631317358,0.00514530368268,0.00342009489752,0.0211307252998,0.0323712961143,-0.00048960339481,0.00505048918797,0.00927916687566,-0.0179023601413,0.00412371115126,-0.000267183338706,0.00505526066351,0.0110496994703,0.0185646439457,0.0118781029437,-0.0036397633109
2017-09-07,-0.00100084521799,0.0083543818952,-0.00401463148627,0.0237951254001,0.0110742706324,0.0117697466535,0.0267652839098,0.0128064574167,0.00286762871215,0.017768626987,0.00158487018788,0.00629837367203,-0.00287859702804,-0.0042547221977,-0.0140125569123,-0.0061520417311,0.0328674360736,0.012410156355,-0.00942207914573,0.0130620133125,-0.00160662350256,0.00319413629048,0.00267302860198,0.00943105971176,0.00807792824899,0.0340043544072,0.00731541353037,0.000304505345784
2017-09-08,-0.0261605137224,-0.00892739355724,-0.0163090045984,-0.00387367452854,0.00450288473745,-0.00086161141153,-0.0130338274816,-0.00484252111071,-0.000408530903697,0.0074413854448,-0.00368492444248,-0.0136063714061,0.00577365752806,0.00427290220958,0.00768201828538,-0.00984811452313,0.00109732991953,-0.0140322419355,0.00602404863589,-0.0003874052199,0.00628118254922,-0.00409370015707,-0.00186614246154,-0.0193086571377,-0.000235729436719,-0.00578787191728,0.00185781121192,0.00121731584853
2017-09-11,0.0396661394719,0.00199700986172,0.0180923842245,0.0187705122534,0.00775378327837,0.005174557776,0.00764556920322,0.0105433761607,0.00858199808797,0.00312499991122,0.0164747819717,0.00820737899554,-0.00210478089487,-0.00445416491902,0.0146750472012,0.0164819839864,-0.0237487020918,0.0247014227924,0.0154428461305,0.0323848872475,0.0108330716276,0.0168987892921,0.0066773506057,0.000635122261035,0.0101367284364,0.00793858142528,0.00522591031693,-0.0103343762715
2017-09-12,0.00747663576064,0.00356204992989,-0.00396284210526,-7.33973006781e-05,0.00216403215042,0.00386104692669,-0.0109501980268,-0.00107011768138,0.0018233995861,0.00424803159875,-0.000117702771618,-0.00923516731729,-0.00268461158324,0.0215692473456,0.0116453932001,0.00894604417109,0.0127245513744,-0.00127710730008,0.00853500904609,0.0241835748784,-0.0342433891438,-0.00314394797089,-0.00318384195234,0.00126940653761,0.00420072364998,0.00236282488842,-0.0144222871973,-0.00337837827462
2017-09-13,0.00894903445211,0.00400356827118,-0.00752211234911,-0.010571180465,-0.00371878540908,-0.00769235042735,-0.0190044461599,0.00709693358329,-0.00465119578296,-0.0183304573697,0.00135394135826,-0.00780225862962,0.0201941584619,0.00451046584908,0.00167103237912,0.00665009697977,-0.0133036959831,-0.00831202032749,-0.00138476692983,-0.00680629842932,0.00253644043182,-0.00698348742923,-0.0141069736492,-0.00190171162921,-0.00604227297333,0.00235725510739,-0.00306278713629,-0.000924591651014
2017-09-14,0.0114657115673,-0.0108476042447,-0.00858124053547,0.000593600332473,0.00132449647628,0.00516800194522,-0.00835335473521,-0.00585031253624,0.00264118873647,-0.00373458765485,-0.01383092097,-0.00591502108634,0.00538154920972,0.0108673765299,0.00222425188615,0.00412876387951,0.00337078639061,0.00322374269465,-0.000462234192227,-0.00137055879869,-0.0156546541448,-0.00158811245063,0.00242980554995,0.00349317243569,0.00187042319383,0.00104523125163,-0.00102408260795,0.000616934029422
2017-09-15,0.0324029401689,-0.00514825287381,0.0101087061543,0.00363344482847,-0.00319844294737,0.00214220222793,-0.00224034419716,0.00722216158441,0.00648422703515,0.00115343137255,-0.00113266096702,0.0151207154817,0.00324983744504,0.0305137136704,0.000554773242489,0.0142543859649,0.00261291516936,0.00417734562412,0.00231222434197,-0.0103990761149,-0.000856781793842,0.00749834162683,0.00673309973786,0.00379743670886,0.00303388578921,0.00234928211043,0.00768838215767,-0.00154130707587
2017-09-18,0.0275533040444,-0.00592327313487,-0.00756821967825,0.0117472467668,-0.000242111647517,0.0017101753617,0.0184120987394,-0.00199168774377,0.0153784304079,0.00547232127096,0.00595708728944,-0.00165499306866,0.000190586890244,0.00349822917815,0.00924218783647,0.0,0.0130304537219,0.006719968,0.00507537704131,-0.00533418677477,-0.0085213357312,0.0108254397835,0.00107001067228,-0.00472884630293,0.00232671009772,-0.000260494778099,0.00423872499152,-0.00123497997021
2017-09-19,0.0057459679157,0.00764720086045,0.000378130716306,-0.00167948860459,-0.00787213273586,0.00298762270593,-0.00811357269701,0.00372535903537,0.005181327222,0.00372389000286,0.00302018942978,-0.026179584086,-0.0104782430757,-0.000498006683467,0.0067765763711,0.00621621621622,0.00735027590409,0.0144628739499,0.00749805684768,-0.000804386760313,-0.0192432324324,0.00133871039714,-0.00427578857701,0.00601837187203,0.00487462837165,0.0052097162076,-0.00151951713659,-0.00154556423775
2017-09-20,-0.0244561999937,0.0113997749621,-0.0167579478802,0.00950911457215,0.000976586937905,-0.00553187234043,-0.0165377432512,-0.00662778349343,0.00495638392063,-0.0171233442602,0.00345736156951,-0.00411409472627,0.00462073555296,0.00934233748725,0.00836819824112,-0.00429760945474,0.0156877052171,0.0142565560314,0.000607548639584,0.00992910546638,0.0112985172917,0.0017824865913,-0.0139558783659,0.00598239924433,-0.00485098163892,-0.00129564654055,-0.0099763275275,0.0
2017-09-21,-0.0103770880432,1.0564198063e-05,-0.0171718323816,-0.00978190605453,-0.00512192682927,0.00171155320019,0.00967361893433,-0.00974116600637,0.00374831335073,-0.0165505231286,7.50263919528e-05,-0.00712250996718,-0.00344959754695,0.00808337519297,0.00306690829276,0.00350690585379,0.00251436781609,-0.00169911960763,0.00531278105553,-0.00813094019377,5.44716318472e-05,0.00244664151349,0.00925421833129,0.00281690132028,0.000696355585127,-0.00752467546641,-0.015200666357,0.00247684218195
2017-09-22,0.0107973525748,-0.00452744240866,-0.0097789947831,0.00907359621647,0.0,0.00384451089278,-0.00635744090258,0.00269512198754,0.00275155261888,-0.00383811644045,-0.00226108235554,-0.0116212007594,0.00788461538462,0.00275456147815,0.00323740287561,-0.000537661275869,0.0189896452884,0.00696278850206,0.00166077298834,-0.00471498073679,-0.00348773297003,-0.0108719325494,-0.0148328740651,-0.000624250916846,0.00208768262381,0.00104577777778,-0.00381548733958,-0.000308894369707
2017-09-25,-0.0359490546842,-0.00952015446939,-0.0088221476649,0.00188543923373,-0.00294197099922,-0.0106382978723,-0.00261332790292,-0.0154549380215,-0.00372399059192,0.00622403638269,-0.0174960695078,-0.00283050733713,0.0150734783438,-0.017580249176,-0.0035855025811,-0.000537923614847,0.0225034802214,-0.0242778419091,-0.00889351877561,0.00285313315173,-0.00743738921887,-0.0266936506643,-0.0164248293574,-0.000624609618988,-0.0108796525259,-0.0133194564294,0.00104458567278,0.00185359906869
2017-09-26,0.00223736413555,0.00337154161732,0.0172035599362,-0.00955417727296,-0.00159819284968,-0.00602146236559,0.0119262739429,0.0,0.00295097371824,-0.00913113375166,-0.00198409712923,-0.00706024719994,0.00902253742439,-0.00211257977859,0.00335649829724,0.00834233046286,0.00206323933975,-0.00881891338583,-0.00167301901141,-0.00370383287308,0.0153167988981,0.00806644406698,0.00111330364598,-0.0078125,-0.00374444184414,0.00185280576635,-0.004,-0.00030841813136
2017-09-27,0.0419899755501,0.0239698229924,0.00711765056235,-0.0014615056433,-0.000369400324706,-0.00432717419614,0.00892857142857,0.00805345323359,0.00706159278148,-0.00891792535428,-0.00379537648583,-0.0123148891539,0.00652010059613,0.0112701672343,0.0197842273304,0.00186816114577,-0.0202470837422,0.00619642526528,0.0109689520257,-0.00387931560735,0.0117755481429,0.00365797879936,0.0,-0.00125987401575,0.00375851538642,0.00528404255134,-0.00488908678191,-0.00339287497797
2017-09-28,0.017139359839,0.00511508894389,-0.00615961242714,-0.00234188039935,0.000862281350086,0.00869182963929,-0.0114159380531,0.000270886940308,-0.00409035839501,0.00689862027594,-0.00401324308552,0.0150656620664,0.00018511938155,-0.0202573375997,0.00405641968154,0.00772511966635,0.000700560444853,0.00947415097192,0.000150723325034,0.00313718078924,0.0178600271042,-0.00842831396682,-0.00444815111348,0.00378432683016,0.00397851626492,-0.00840996079921,0.00561500243499,-0.00123803772089
2017-09-29,0.0189568611522,0.00923495094212,0.00548014095433,-0.00916958269598,0.00590772923077,0.0090478676884,0.0194252799161,0.00839305502668,0.00312927824899,0.0110217158177,0.0105592047331,0.00426147666739,-0.00129533676359,0.0150829544245,0.00404004918321,0.00660851141377,-0.0521526076304,0.00156419521351,0.00527343655537,0.00533802417035,0.000526957532548,0.0117161041056,0.00809821256358,0.00534087338988,0.00979016271375,0.0193479724357,0.0113417900656,-0.0030989154013
2017-10-02,0.0131903145266,-0.00641868318012,-0.00201140027288,0.00273923956111,0.010155328148,-0.000426985482494,0.000175667373788,0.00161099480765,0.011698147559,0.0164997353123,0.0145563331109,-0.00599935646763,0.00352045574355,0.016916398569,0.00892228831351,0.0252100564491,0.019571676514,0.0023426675362,0.00374700234192,0.00386163052607,0.00647775420061,0.00317890546824,0.00526324128882,0.0031249375,-0.00300094644506,0.00702030699481,-0.000690148390099,-0.00497357817678
2017-10-03,0.00553774409793,0.00476505332278,0.00435601071915,-0.0087862086815,-0.000242211730674,0.00213579666809,-0.00140477609474,-0.0046910467137,0.00192721144589,0.0313044057971,0.00548060165652,0.0058884365826,0.00480055391433,0.00632249692904,0.00780303477729,0.00870901617036,0.0039839911632,0.00062326269866,0.00328506789182,0.000320553510932,0.0110930615295,0.0305567904029,0.0016532653168,-0.00124601253869,0.00300997923153,-0.000516421378776,-0.00276243103461,-0.00156198072865
2017-10-04,0.001352647343,-0.00545221371421,-0.00647333004851,0.00677843757764,0.0048461472638,-0.00213124476263,0.00545105513366,0.00579046577456,0.00153871892523,0.00983693030709,0.011270809161,0.0159519386521,0.00643149600998,0.00719771248996,-0.00258083280421,-0.00101576940031,0.0129870495306,-0.00326999372049,-0.00238135132069,0.00726379335072,0.000983294539839,0.00241598951056,-0.00192569474144,-0.00218343723695,-0.00507853185596,-0.00129163010312,0.0,-0.00125153320562
2017-10-05,0.00685062723708,0.0190425665071,0.0124446380621,0.00784257961918,0.000723390385257,-0.000427167876976,0.00306049315267,0.017137487826,0.00652967159593,-0.0105761480657,0.0110711253997,0.00295306836511,0.000365181668797,-0.0310077225959,0.0100051404174,0.00482966446365,-0.0106837250712,0.0282767996164,0.00551996129375,-0.00922631124081,-0.00258504810862,0.0159947418053,0.00992282276524,-0.00844016880275,0.00185619498173,0.00853600620797,-0.000692468860542,-0.00626569548872
2017-10-06,0.00967899395647,0.00857703892939,-0.000579162111971,0.000220208064712,-0.00132531325301,0.00042735042735,-0.0094150641567,0.000394879552522,0.000953997328754,-0.00703234900232,0.00439357516242,-0.00100537881508,-0.017521426948,-0.06537504375,-0.0075149104614,0.00252977491854,0.0097191501181,0.00349442418718,0.00118695842175,-0.00551243760731,0.00155506429147,-0.0118610957917,-0.00245633194477,0.000315290047771,0.0,-0.00461659376165,-0.0126472451031,0.00126106561353
2017-10-09,0.0174638950506,-0.00133853003092,0.00347709587617,0.00543125519404,-0.00627332617051,0.000427167876976,0.000440051054476,0.00381580263158,0.00114374763903,-0.00169963177619,0.00465591970803,-0.00841060305937,0.00167185578035,0.0172529231027,-0.00120461192214,0.00580368393127,-0.00713008938075,0.00272520805185,-0.00385302294666,-0.00193735866128,-0.0128350894688,-0.00414663902226,0.00191518473092,-0.00756381972896,-0.000463177396943,0.00463800554914,0.00157922436992,0.00157427581864
2017-10-10,0.0111940768058,-0.00454496075731,0.000384997443147,0.00386890279303,0.00230660426223,0.0106746370623,0.00290290288529,0.0,0.0,0.00510771821182,-0.00533492639168,-0.00616214287136,0.00630563821608,-0.0108466608877,-0.00103378702561,-0.0052684143184,0.00502692998205,-0.00286882064614,0.00818202903627,0.00177928387547,-0.011009782662,0.00876611858939,0.00655385053397,0.00444582407113,0.00903612140871,-0.00384719139024,0.013489768273,-0.00220053449231
2017-10-11,0.00830259209774,0.0180704962714,0.00416939720986,-0.00443577257825,0.00193802088028,0.00464727503169,0.0163143668746,0.00170398477253,-0.000190441736481,0.00197639762713,0.00185215190856,0.00612733988263,0.0022116292743,-0.00518375087935,0.00275955501897,-0.00882731355222,0.00392997499107,0.0263476373963,-0.000885318026501,-0.00882716541143,0.00662637832181,-0.00391051496655,0.0141074331496,-0.00221308890968,0.00436287036425,-0.013645700309,0.00829739008807,-0.00189035916824
2017-10-12,-0.00777681588902,0.0,-0.00351327364714,0.0167263368772,-0.00108805607969,-0.00630790553794,-0.00880301176828,0.00915997145145,0.0047609980865,0.00676241156594,-0.000650973873502,0.0152251584614,0.0058845162581,-0.00694774524754,-0.00515994160922,-0.00279898225952,0.00640572953737,0.0159339335487,-0.00561212532288,-0.00754818922231,-0.000789899419611,0.000436226845637,0.00374529149959,-0.00411910659439,-0.00297213063685,-0.00574265189917,0.0174866443516,0.00189393939394
2017-10-13,0.0133702631638,0.00220749858004,0.00634618589744,0.0,-0.00254143782675,0.0114261959977,-0.0106225600457,0.00479765282167,-0.00189533744865,0.00559753708368,0.00526856262965,-0.000428465331918,0.00859226675334,-0.0137907035502,-0.00397646957123,0.0122479972505,0.00141439174631,-0.00290440019018,0.00311895134059,0.00136791424184,-0.0311479015719,0.00784828881291,0.00799573560768,-0.000636334712059,-0.00022937399153,0.00682588605933,0.00960404413156,-0.00126020793951
2017-10-16,0.0106460234641,0.00146842450648,0.0184088152618,-0.000790252874754,-0.00436787198175,-0.000836861924686,0.0180410371744,0.00206483422544,-0.00113942271174,-0.0114110770944,0.00336432760075,-0.00271490317415,-0.000362443370036,-0.0188268068693,0.00329800376153,0.00226871702892,-0.0014123940678,-0.0196621893585,0.00133248443393,-0.00606524796637,-0.000380824670828,0.00151414665801,0.000793178212586,-0.00732250875517,-0.00183481659793,-0.0151238078291,-0.00133508015137,-0.00157731856223
2017-10-17,-0.00405147204466,0.00163473922746,0.0036902425666,-0.00316350421383,0.0134048991812,-0.00460632347598,-0.0165110909405,-0.00077277525376,-0.00342205336206,0.00816444256757,-0.000526992314421,-0.00329530061739,0.000906600148446,0.0130701129886,-0.0108996714689,0.000754602653652,0.00636485126008,-0.00950824571411,-0.00280933030353,0.023584431784,0.0190465830172,-0.00604749473105,-0.00237780725907,0.00865942912123,-0.00137869944853,-0.00741323801959,-0.00584889705882,-0.000315987361769
2017-10-18,0.00876869439246,0.00172105835806,-0.00442454038497,0.000728269777353,0.00144294124854,0.0122002103492,0.00632856657278,0.000257829630511,0.000190805043526,-0.00111703431675,0.00379418561096,-0.0118594763222,-0.00217389488815,0.0152347034365,0.0090956973621,0.0115606682191,-0.0267040768343,0.0088496177846,0.00459664873675,0.000483361077573,0.0241909544001,0.00977837896567,-0.000529555112794,-0.0139904924009,0.00483200655389,0.012803386887,0.00621951567593,-0.000632048060431
2017-10-19,-0.00519754476916,-0.0107628444691,-0.0236604852172,0.00873233166544,0.00612394339726,-0.00290935174187,-0.00113544416343,0.00386551985742,0.00114442113294,-0.00782773273693,-0.00721470028173,0.00661916661679,0.00671748341621,0.00439363249434,-0.00658689559,-0.0039751552795,-0.00144407937025,-0.000148706507621,0.000295158671587,-0.0115954692484,0.0073518121459,-0.0195825259397,0.000794859523325,-0.0190261206063,-0.000915891958594,-0.0179088749563,-0.0638155685965,-0.00031625552447
2017-10-20,0.0086478603973,0.00322404766525,0.00173101684142,0.00627622299366,0.00107406610486,-0.00166731971655,-0.00638338574341,0.0115517129225,0.00971609793423,-0.0171879674732,0.00739161563126,0.00491370767334,0.00631195660393,-0.00551848726074,0.00907347741976,0.00848091793465,0.00180762834418,0.055316,0.00634499068961,-0.00630017397078,0.00771224132058,0.0127304211429,0.000794254699497,-0.0226824457594,-0.00550084791426,0.00858138888224,-0.0223054956762,-0.00537804475236
2017-10-23,0.0151826112782,-0.0194315111027,-0.0005120128,-0.0011470570956,-0.00250356470566,-0.00250530260938,-0.0012320602279,0.000253825663084,-0.00113209433962,0.014908285123,-0.00389264050872,-0.0023010497152,0.0,0.00365428696882,-0.00311257122211,0.00989369280237,0.0,-0.0164858106737,-0.0057184606621,-0.013281634822,0.00487953664924,-0.0114867362698,-0.0060846297906,-0.000672754793138,-0.00299610516239,-0.0207391379756,-0.00930830426523,0.0038167301585
2017-10-24,0.0147356649025,0.00142056540704,0.00478008586515,-0.00265552999849,-0.00641444977685,0.00460862304766,-0.00299582347336,0.00190284150951,0.00122784286415,-0.00847468878674,-0.000914951774401,-0.00720720720721,0.00985661307987,-0.0163845528472,0.00788029460953,0.00306147425611,0.00884160984632,0.0035099568692,0.00766854468865,-0.00204949317038,-0.000357759151287,0.00274062699538,0.00212941176471,-0.0090877821975,0.0069348824288,-0.000543062691118,-0.00313187183367,-0.0015842522682
