,Adj Close,Close,Date,Ticker
0,66.360001,66.360001,2017-10-06,A
1,51.299999,51.299999,2017-10-06,AAL
2,94.290001,94.290001,2017-10-06,AAP
3,155.300003,155.300003,2017-10-06,AAPL
4,90.489998,90.489998,2017-10-06,ABBV
5,80.480003,80.480003,2017-10-06,ABC
6,55.0,55.0,2017-10-06,ABT
7,136.25,136.25,2017-10-06,ACN
8,151.119995,151.119995,2017-10-06,ADBE
9,87.870003,87.870003,2017-10-06,ADI
10,43.0,43.0,2017-10-06,ADM
11,113.480003,113.480003,2017-10-06,ADP
12,226.220001,226.220001,2017-10-06,ADS
13,116.959999,116.959999,2017-10-06,ADSK
14,58.779999,58.779999,2017-10-06,AEE
15,71.529999,71.529999,2017-10-06,AEP
16,11.19,11.19,2017-10-06,AES
17,161.279999,161.279999,2017-10-06,AET
18,82.269997,82.269997,2017-10-06,AFL
19,206.75,206.75,2017-10-06,AGN
20,62.259998,62.259998,2017-10-06,AIG
21,44.400002,44.400002,2017-10-06,AIV
22,96.040001,96.040001,2017-10-06,AIZ
23,61.759998,61.759998,2017-10-06,AJG
24,50.630001,50.630001,2017-10-06,AKAM
25,137.190002,137.190002,2017-10-06,ALB
26,187.039993,187.039993,2017-10-06,ALGN
27,80.559998,80.559998,2017-10-06,ALK
28,93.290001,93.290001,2017-10-06,ALL
29,87.190002,87.190002,2017-10-06,ALLE
30,141.300003,141.300003,2017-10-06,ALXN
31,52.400002,52.400002,2017-10-06,AMAT
32,13.23,13.23,2017-10-06,AMD
33,66.989998,66.989998,2017-10-06,AME
34,194.619995,194.619995,2017-10-06,AMG
35,185.820007,185.820007,2017-10-06,AMGN
36,150.990005,150.990005,2017-10-06,AMP
37,139.110001,139.110001,2017-10-06,AMT
38,989.580017,989.580017,2017-10-06,AMZN
39,105.989998,105.989998,2017-10-06,ANDV
40,126.059998,126.059998,2017-10-06,ANSS
41,193.220001,193.220001,2017-10-06,ANTM
42,146.839996,146.839996,2017-10-06,AON
43,61.0,61.0,2017-10-06,AOS
44,45.169998,45.169998,2017-10-06,APA
45,48.639999,48.639999,2017-10-06,APC
46,153.300003,153.300003,2017-10-06,APD
47,86.580002,86.580002,2017-10-06,APH
48,120.449997,120.449997,2017-10-06,ARE
49,27.1,27.1,2017-10-06,ARNC
50,63.25,63.25,2017-10-06,ATVI
51,178.899994,178.899994,2017-10-06,AVB
52,245.740005,245.740005,2017-10-06,AVGO
53,100.339996,100.339996,2017-10-06,AVY
54,82.769997,82.769997,2017-10-06,AWK
55,91.550003,91.550003,2017-10-06,AXP
56,174.199997,174.199997,2017-10-06,AYI
57,601.48999,601.48999,2017-10-06,AZO
58,258.579987,258.579987,2017-10-06,BA
59,26.209999,26.209999,2017-10-06,BAC
60,62.91,62.91,2017-10-06,BAX
61,47.689999,47.689999,2017-10-06,BBT
62,58.759998,58.759998,2017-10-06,BBY
63,322.0,322.0,2017-10-06,BCR
64,198.080002,198.080002,2017-10-06,BDX
65,44.669998,44.669998,2017-10-06,BEN
66,61.02,61.02,2017-10-06,BHF
67,36.529999,36.529999,2017-10-06,BHGE
68,327.480011,327.480011,2017-10-06,BIIB
69,54.470001,54.470001,2017-10-06,BK
70,463.220001,463.220001,2017-10-06,BLK
71,42.02,42.02,2017-10-06,BLL
72,64.809998,64.809998,2017-10-06,BMY
73,29.5,29.5,2017-10-06,BSX
74,51.869999,51.869999,2017-10-06,BWA
75,126.919998,126.919998,2017-10-06,BXP
76,75.639999,75.639999,2017-10-06,C
77,33.860001,33.860001,2017-10-06,CA
78,34.080002,34.080002,2017-10-06,CAG
79,65.879997,65.879997,2017-10-06,CAH
80,126.93,126.93,2017-10-06,CAT
81,146.149994,146.149994,2017-10-06,CB
82,38.84,38.84,2017-10-06,CBG
83,108.169998,108.169998,2017-10-06,CBOE
84,58.299999,58.299999,2017-10-06,CBS
85,101.519997,101.519997,2017-10-06,CCI
86,65.629997,65.629997,2017-10-06,CCL
87,40.68,40.68,2017-10-06,CDNS
88,139.210007,139.210007,2017-10-06,CELG
89,71.519997,71.519997,2017-10-06,CERN
90,34.200001,34.200001,2017-10-06,CF
91,37.490002,37.490002,2017-10-06,CFG
92,47.450001,47.450001,2017-10-06,CHD
93,4.2,4.2,2017-10-06,CHK
94,76.519997,76.519997,2017-10-06,CHRW
95,111.760002,111.760002,2017-10-06,MAR
96,119.730003,119.730003,2017-10-06,MON
97,35.029999,35.029999,2017-10-06,NOV
98,65.699997,65.699997,2017-10-05,A
99,50.560001,50.560001,2017-10-05,AAL
100,94.330002,94.330002,2017-10-05,AAP
101,155.389999,155.389999,2017-10-05,AAPL
102,90.18,90.18,2017-10-05,ABBV
103,84.120003,84.120003,2017-10-05,ABC
104,54.919998,54.919998,2017-10-05,ABT
105,136.220001,136.220001,2017-10-05,ACN
106,150.25,150.25,2017-10-05,ADBE
107,87.889999,87.889999,2017-10-05,ADI
108,43.349998,43.349998,2017-10-05,ADM
109,113.57,113.57,2017-10-05,ADP
110,226.699997,226.699997,2017-10-05,ADS
111,116.540001,116.540001,2017-10-05,ADSK
112,58.84,58.84,2017-10-05,AEE
113,71.489998,71.489998,2017-10-05,AEP
114,11.29,11.29,2017-10-05,AES
115,161.289993,161.289993,2017-10-05,AET
116,82.489998,82.489998,2017-10-05,AFL
117,209.300003,209.300003,2017-10-05,AGN
118,61.98,61.98,2017-10-05,AIG
119,44.740002,44.740002,2017-10-05,AIV
120,95.489998,95.489998,2017-10-05,AIZ
121,61.799999,61.799999,2017-10-05,AJG
122,50.779999,50.779999,2017-10-05,AKAM
123,139.660004,139.660004,2017-10-05,ALB
124,186.610001,186.610001,2017-10-05,ALGN
125,79.75,79.75,2017-10-05,ALK
126,93.190002,93.190002,2017-10-05,ALL
127,87.07,87.07,2017-10-05,ALLE
128,143.789993,143.789993,2017-10-05,ALXN
129,51.43,51.43,2017-10-05,AMAT
130,13.34,13.34,2017-10-05,AMD
131,66.860001,66.860001,2017-10-05,AME
132,195.220001,195.220001,2017-10-05,AMG
133,186.850006,186.850006,2017-10-05,AMGN
134,150.550003,150.550003,2017-10-05,AMP
135,139.25,139.25,2017-10-05,AMT
136,980.849976,980.849976,2017-10-05,AMZN
137,105.360001,105.360001,2017-10-05,ANDV
138,125.239998,125.239998,2017-10-05,ANSS
139,192.919998,192.919998,2017-10-05,ANTM
140,146.639999,146.639999,2017-10-05,AON
141,60.799999,60.799999,2017-10-05,AOS
142,45.82,45.82,2017-10-05,APA
143,49.049999,49.049999,2017-10-05,APC
144,152.360001,153.309998,2017-10-05,APD
145,86.300003,86.300003,2017-10-05,APH
146,120.379997,120.379997,2017-10-05,ARE
147,26.85,26.85,2017-10-05,ARNC
148,63.09,63.09,2017-10-05,ATVI
149,180.440002,180.440002,2017-10-05,AVB
150,243.669998,243.669998,2017-10-05,AVGO
151,99.889999,99.889999,2017-10-05,AVY
152,82.910004,82.910004,2017-10-05,AWK
153,91.160004,91.160004,2017-10-05,AXP
154,175.690002,175.690002,2017-10-05,AYI
155,599.830017,599.830017,2017-10-05,AZO
156,258.890015,258.890015,2017-10-05,BA
157,26.129999,26.129999,2017-10-05,BAC
158,62.709999,62.709999,2017-10-05,BAX
159,47.619999,47.619999,2017-10-05,BBT
160,57.490002,57.490002,2017-10-05,BBY
161,320.959991,320.959991,2017-10-05,BCR
162,197.25,197.25,2017-10-05,BDX
163,44.759998,44.759998,2017-10-05,BEN
164,60.57,60.57,2017-10-05,BHF
165,36.48,36.48,2017-10-05,BHGE
166,326.73999,326.73999,2017-10-05,BIIB
167,54.43,54.43,2017-10-05,BK
168,464.429993,464.429993,2017-10-05,BLK
169,42.029999,42.029999,2017-10-05,BLL
170,63.799999,63.799999,2017-10-05,BMY
171,29.43,29.43,2017-10-05,BSX
172,52.060001,52.060001,2017-10-05,BWA
173,125.059998,125.059998,2017-10-05,BXP
174,75.720001,75.720001,2017-10-05,C
175,33.939999,33.939999,2017-10-05,CA
176,34.099998,34.099998,2017-10-05,CAG
177,67.639999,67.639999,2017-10-05,CAH
178,126.400002,126.400002,2017-10-05,CAT
179,145.710007,145.710007,2017-10-05,CB
180,38.75,38.75,2017-10-05,CBG
181,108.43,108.43,2017-10-05,CBOE
182,58.900002,58.900002,2017-10-05,CBS
183,101.57,101.57,2017-10-05,CCI
184,65.910004,65.910004,2017-10-05,CCL
185,40.389999,40.389999,2017-10-05,CDNS
186,140.009995,140.009995,2017-10-05,CELG
187,71.559998,71.559998,2017-10-05,CERN
188,35.029999,35.029999,2017-10-05,CF
189,37.130001,37.130001,2017-10-05,CFG
190,47.93,47.93,2017-10-05,CHD
191,4.3,4.3,2017-10-05,CHK
192,76.050003,76.050003,2017-10-05,CHRW
193,111.269997,111.269997,2017-10-05,MAR
194,119.860001,119.860001,2017-10-05,MON
195,36.029999,36.029999,2017-10-05,NOV
196,65.830002,65.830002,2017-10-04,A
197,50.73,50.73,2017-10-04,AAL
198,94.93,94.93,2017-10-04,AAP
199,153.479996,153.479996,2017-10-04,AAPL
200,89.900002,89.900002,2017-10-04,ABBV
201,82.739998,82.739998,2017-10-04,ABC
202,54.34,54.34,2017-10-04,ABT
203,135.160004,135.160004,2017-10-04,ACN
204,147.949997,147.949997,2017-10-04,ADBE
205,87.0,87.0,2017-10-04,ADI
206,43.029999,43.029999,2017-10-04,ADM
207,111.400002,111.400002,2017-10-04,ADP
208,225.710007,225.710007,2017-10-04,ADS
209,114.050003,114.050003,2017-10-04,ADSK
210,58.549999,58.549999,2017-10-04,AEE
211,71.519997,71.519997,2017-10-04,AEP
212,11.28,11.28,2017-10-04,AES
213,163.210007,163.210007,2017-10-04,AET
214,82.120003,82.120003,2017-10-04,AFL
215,208.389999,208.389999,2017-10-04,AGN
216,61.580002,61.580002,2017-10-04,AIG
217,44.450001,44.450001,2017-10-04,AIV
218,95.290001,95.290001,2017-10-04,AIZ
219,61.599998,61.599998,2017-10-04,AJG
220,50.5,50.5,2017-10-04,AKAM
221,138.220001,138.220001,2017-10-04,ALB
222,185.979996,185.979996,2017-10-04,ALGN
223,80.839996,80.839996,2017-10-04,ALK
224,92.860001,92.860001,2017-10-04,ALL
225,86.730003,86.730003,2017-10-04,ALLE
226,141.929993,141.929993,2017-10-04,ALXN
227,51.599998,51.599998,2017-10-04,AMAT
228,13.31,13.31,2017-10-04,AMD
229,66.949997,66.949997,2017-10-04,AME
230,195.080002,195.080002,2017-10-04,AMG
231,188.589996,188.589996,2017-10-04,AMGN
232,149.869995,149.869995,2017-10-04,AMP
233,138.839996,138.839996,2017-10-04,AMT
234,965.450012,965.450012,2017-10-04,AMZN
235,105.120003,105.120003,2017-10-04,ANDV
236,124.550003,124.550003,2017-10-04,ANSS
237,193.419998,193.419998,2017-10-04,ANTM
238,146.649994,146.649994,2017-10-04,AON
239,60.860001,60.860001,2017-10-04,AOS
240,45.139999,45.139999,2017-10-04,APA
241,49.419998,49.419998,2017-10-04,APC
242,151.95253,152.899994,2017-10-04,APD
243,85.760002,85.760002,2017-10-04,APH
244,120.010002,120.010002,2017-10-04,ARE
245,26.77,26.77,2017-10-04,ARNC
246,62.630001,62.630001,2017-10-04,ATVI
247,180.0,180.0,2017-10-04,AVB
248,242.0,242.0,2017-10-04,AVGO
249,99.709999,99.709999,2017-10-04,AVY
250,82.510002,82.510002,2017-10-04,AWK
251,90.660004,91.010002,2017-10-04,AXP
252,178.330002,178.330002,2017-10-04,AYI
253,595.23999,595.23999,2017-10-04,AZO
254,255.759995,255.759995,2017-10-04,BA
255,25.709999,25.709999,2017-10-04,BAC
256,62.900002,62.900002,2017-10-04,BAX
257,46.369999,46.369999,2017-10-04,BBT
258,57.150002,57.150002,2017-10-04,BBY
259,320.059998,320.059998,2017-10-04,BCR
260,195.0,195.0,2017-10-04,BDX
261,44.869999,44.869999,2017-10-04,BEN
262,59.48,59.48,2017-10-04,BHF
263,36.709999,36.709999,2017-10-04,BHGE
264,314.920013,314.920013,2017-10-04,BIIB
265,53.799999,53.799999,2017-10-04,BK
266,457.910004,457.910004,2017-10-04,BLK
267,41.759998,41.759998,2017-10-04,BLL
268,64.349998,64.739998,2017-10-04,BMY
269,29.24,29.24,2017-10-04,BSX
270,52.450001,52.450001,2017-10-04,BWA
271,123.699997,123.699997,2017-10-04,BXP
272,74.059998,74.059998,2017-10-04,C
273,33.66,33.66,2017-10-04,CA
274,33.959999,33.959999,2017-10-04,CAG
275,67.519997,67.519997,2017-10-04,CAH
276,126.739998,126.739998,2017-10-04,CAT
277,144.75,144.75,2017-10-04,CB
278,38.630001,38.630001,2017-10-04,CBG
279,109.339996,109.339996,2017-10-04,CBOE
280,59.970001,59.970001,2017-10-04,CBS
281,101.889999,101.889999,2017-10-04,CCI
282,65.190002,65.190002,2017-10-04,CCL
283,40.25,40.25,2017-10-04,CDNS
284,146.520004,146.520004,2017-10-04,CELG
285,71.790001,71.790001,2017-10-04,CERN
286,35.099998,35.099998,2017-10-04,CF
287,36.57,36.57,2017-10-04,CFG
288,47.639999,47.639999,2017-10-04,CHD
289,4.27,4.27,2017-10-04,CHK
290,75.019997,75.019997,2017-10-04,CHRW
291,108.82,108.82,2017-10-04,MAR
292,119.209999,119.75,2017-10-04,MON
293,35.23,35.23,2017-10-04,NOV
294,65.150002,65.150002,2017-10-03,A
295,50.509998,50.509998,2017-10-03,AAL
296,98.980003,98.980003,2017-10-03,AAP
297,154.479996,154.479996,2017-10-03,AAPL
298,89.699997,89.699997,2017-10-03,ABBV
299,82.879997,82.879997,2017-10-03,ABC
300,53.75,53.75,2017-10-03,ABT
301,134.25,134.25,2017-10-03,ACN
302,148.600006,148.600006,2017-10-03,ADBE
303,85.900002,85.900002,2017-10-03,ADI
304,42.720001,42.720001,2017-10-03,ADM
305,110.709999,110.709999,2017-10-03,ADP
306,225.75,225.75,2017-10-03,ADS
307,113.629997,113.629997,2017-10-03,ADSK
308,57.93,57.93,2017-10-03,AEE
309,70.290001,70.290001,2017-10-03,AEP
310,11.19,11.19,2017-10-03,AES
311,163.009995,163.009995,2017-10-03,AET
312,82.230003,82.230003,2017-10-03,AFL
313,209.800003,209.800003,2017-10-03,AGN
314,61.630001,61.630001,2017-10-03,AIG
315,43.880001,43.880001,2017-10-03,AIV
316,95.699997,95.699997,2017-10-03,AIZ
317,62.0,62.0,2017-10-03,AJG
318,50.5,50.5,2017-10-03,AKAM
319,137.419998,137.419998,2017-10-03,ALB
320,186.449997,186.449997,2017-10-03,ALGN
321,80.150002,80.150002,2017-10-03,ALK
322,92.099998,92.099998,2017-10-03,ALL
323,87.470001,87.470001,2017-10-03,ALLE
324,141.479996,141.479996,2017-10-03,ALXN
325,51.84,51.84,2017-10-03,AMAT
326,13.42,13.42,2017-10-03,AMD
327,66.290001,66.290001,2017-10-03,AME
328,192.869995,192.869995,2017-10-03,AMG
329,187.229996,187.229996,2017-10-03,AMGN
330,149.449997,149.449997,2017-10-03,AMP
331,136.660004,136.660004,2017-10-03,AMT
332,957.099976,957.099976,2017-10-03,AMZN
333,104.760002,104.760002,2017-10-03,ANDV
334,124.650002,124.650002,2017-10-03,ANSS
335,193.229996,193.229996,2017-10-03,ANTM
336,147.309998,147.309998,2017-10-03,AON
337,60.389999,60.389999,2017-10-03,AOS
338,45.439999,45.439999,2017-10-03,APA
339,49.27,49.27,2017-10-03,APC
340,152.240738,153.190002,2017-10-03,APD
341,85.0,85.0,2017-10-03,APH
342,118.919998,118.919998,2017-10-03,ARE
343,26.129999,26.129999,2017-10-03,ARNC
344,63.450001,63.450001,2017-10-03,ATVI
345,177.690002,177.690002,2017-10-03,AVB
346,239.5,239.5,2017-10-03,AVGO
347,99.260002,99.260002,2017-10-03,AVY
348,81.75,81.75,2017-10-03,AWK
349,91.078384,91.43,2017-10-03,AXP
350,169.660004,169.660004,2017-10-03,AYI
351,599.549988,599.549988,2017-10-03,AZO
352,255.460007,255.460007,2017-10-03,BA
353,25.860001,25.860001,2017-10-03,BAC
354,62.619999,62.619999,2017-10-03,BAX
355,46.880001,46.880001,2017-10-03,BBT
356,56.91,56.91,2017-10-03,BBY
357,319.679993,319.679993,2017-10-03,BCR
358,193.729996,193.729996,2017-10-03,BDX
359,44.77,44.77,2017-10-03,BEN
360,60.220001,60.220001,2017-10-03,BHF
361,36.669998,36.669998,2017-10-03,BHGE
362,317.390015,317.390015,2017-10-03,BIIB
363,53.799999,53.799999,2017-10-03,BK
364,450.790009,450.790009,2017-10-03,BLK
365,41.580002,41.580002,2017-10-03,BLL
366,63.90271,64.290001,2017-10-03,BMY
367,29.02,29.02,2017-10-03,BSX
368,51.810001,51.810001,2017-10-03,BWA
369,122.360001,122.360001,2017-10-03,BXP
370,74.129997,74.129997,2017-10-03,C
371,33.57,33.57,2017-10-03,CA
372,33.41,33.41,2017-10-03,CAG
373,67.599998,67.599998,2017-10-03,CAH
374,125.510002,125.510002,2017-10-03,CAT
375,144.699997,144.699997,2017-10-03,CB
376,38.330002,38.330002,2017-10-03,CBG
377,109.07,109.07,2017-10-03,CBOE
378,58.889999,58.889999,2017-10-03,CBS
379,99.650002,99.650002,2017-10-03,CCI
380,64.099998,64.099998,2017-10-03,CCL
381,40.060001,40.060001,2017-10-03,CDNS
382,146.080002,146.080002,2017-10-03,CELG
383,72.050003,72.050003,2017-10-03,CERN
384,35.389999,35.389999,2017-10-03,CF
385,36.84,36.84,2017-10-03,CFG
386,47.360001,47.360001,2017-10-03,CHD
387,4.29,4.29,2017-10-03,CHK
388,76.129997,76.129997,2017-10-03,CHRW
389,109.400002,109.400002,2017-10-03,MAR
390,119.150276,119.690002,2017-10-03,MON
391,35.130001,35.130001,2017-10-03,NOV
392,64.870003,64.870003,2017-10-02,A
393,47.73,47.73,2017-10-02,AAL
394,99.360001,99.360001,2017-10-02,AAP
395,153.809998,153.809998,2017-10-02,AAPL
396,90.389999,90.389999,2017-10-02,ABBV
397,83.300003,83.300003,2017-10-02,ABC
398,53.68,53.68,2017-10-02,ABT
399,135.440002,135.440002,2017-10-02,ACN
400,147.940002,147.940002,2017-10-02,ADBE
401,85.82,85.82,2017-10-02,ADI
402,42.619999,42.619999,2017-10-02,ADM
403,109.32,109.32,2017-10-02,ADP
404,223.699997,223.699997,2017-10-02,ADS
405,112.470001,112.470001,2017-10-02,ADSK
406,58.389999,58.389999,2017-10-02,AEE
407,70.43,70.43,2017-10-02,AEP
408,11.09,11.09,2017-10-02,AES
409,160.440002,160.440002,2017-10-02,AET
410,81.970001,81.970001,2017-10-02,AFL
411,210.979996,210.979996,2017-10-02,AGN
412,61.860001,61.860001,2017-10-02,AIG
413,43.98,43.98,2017-10-02,AIV
414,95.660004,95.660004,2017-10-02,AIZ
415,61.689999,61.689999,2017-10-02,AJG
416,50.0,50.0,2017-10-02,AKAM
417,136.619995,136.619995,2017-10-02,ALB
418,187.220001,187.220001,2017-10-02,ALGN
419,77.029999,77.029999,2017-10-02,ALK
420,92.379997,92.379997,2017-10-02,ALL
421,86.529999,86.529999,2017-10-02,ALLE
422,140.919998,140.919998,2017-10-02,ALXN
423,52.080002,52.080002,2017-10-02,AMAT
424,12.71,12.71,2017-10-02,AMD
425,66.830002,66.830002,2017-10-02,AME
426,192.600006,192.600006,2017-10-02,AMG
427,187.169998,187.169998,2017-10-02,AMGN
428,148.669998,148.669998,2017-10-02,AMP
429,135.860001,135.860001,2017-10-02,AMT
430,959.190002,959.190002,2017-10-02,AMZN
431,103.75,103.75,2017-10-02,ANDV
432,123.779999,123.779999,2017-10-02,ANSS
433,191.110001,191.110001,2017-10-02,ANTM
434,147.289993,147.289993,2017-10-02,AON
435,59.990002,59.990002,2017-10-02,AOS
436,45.720001,45.720001,2017-10-02,APA
437,49.380001,49.380001,2017-10-02,APC
438,151.256866,152.199997,2017-10-02,APD
439,84.769997,84.769997,2017-10-02,APH
440,118.739998,118.739998,2017-10-02,ARE
441,25.92,25.92,2017-10-02,ARNC
442,63.389999,63.389999,2017-10-02,ATVI
443,177.589996,177.589996,2017-10-02,AVB
444,240.470001,240.470001,2017-10-02,AVGO
445,99.419998,99.419998,2017-10-02,AVY
446,81.769997,81.769997,2017-10-02,AWK
447,90.191803,90.540001,2017-10-02,AXP
448,170.080002,170.080002,2017-10-02,AYI
449,597.619995,597.619995,2017-10-02,AZO
450,255.990005,255.990005,2017-10-02,BA
451,25.620001,25.620001,2017-10-02,BAC
452,63.16,63.16,2017-10-02,BAX
453,47.16,47.16,2017-10-02,BBT
454,57.419998,57.419998,2017-10-02,BBY
455,321.049988,321.049988,2017-10-02,BCR
456,196.289993,196.289993,2017-10-02,BDX
457,44.73,44.73,2017-10-02,BEN
458,60.990002,60.990002,2017-10-02,BHF
459,36.860001,36.860001,2017-10-02,BHGE
460,316.170013,316.170013,2017-10-02,BIIB
461,53.650002,53.650002,2017-10-02,BK
462,449.950012,449.950012,2017-10-02,BLK
463,41.360001,41.360001,2017-10-02,BLL
464,64.171082,64.559998,2017-10-02,BMY
465,29.469999,29.469999,2017-10-02,BSX
466,51.849998,51.849998,2017-10-02,BWA
467,121.93,121.93,2017-10-02,BXP
468,73.800003,73.800003,2017-10-02,C
469,33.669998,33.669998,2017-10-02,CA
470,33.34,33.34,2017-10-02,CAG
471,68.239998,68.239998,2017-10-02,CAH
472,124.720001,124.720001,2017-10-02,CAT
473,145.490005,145.490005,2017-10-02,CB
474,38.220001,38.220001,2017-10-02,CBG
475,108.18,108.18,2017-10-02,CBOE
476,58.549999,58.549999,2017-10-02,CBS
477,99.690002,99.690002,2017-10-02,CCI
478,64.43,64.43,2017-10-02,CCL
479,39.700001,39.700001,2017-10-02,CDNS
480,146.039993,146.039993,2017-10-02,CELG
481,72.330002,72.330002,2017-10-02,CERN
482,35.400002,35.400002,2017-10-02,CF
483,37.220001,37.220001,2017-10-02,CFG
484,47.93,47.93,2017-10-02,CHD
485,4.35,4.35,2017-10-02,CHK
486,77.300003,77.300003,2017-10-02,CHRW
487,110.529999,110.529999,2017-10-02,MAR
488,119.787384,120.330002,2017-10-02,MON
489,35.349998,35.349998,2017-10-02,NOV
490,367.399994,367.399994,2017-10-06,CHTR
491,190.949997,190.949997,2017-10-06,CI
492,76.699997,76.699997,2017-10-06,CINF
493,72.720001,72.720001,2017-10-06,CL
494,129.139999,129.139999,2017-10-06,CLX
495,76.919998,76.919998,2017-10-06,CMA
496,38.009998,38.009998,2017-10-06,CMCSA
497,137.199997,137.199997,2017-10-06,CME
498,307.640015,307.640015,2017-10-06,CMG
499,172.110001,172.110001,2017-10-06,CMI
500,46.299999,46.299999,2017-10-06,CMS
501,98.010002,98.010002,2017-10-06,CNC
502,28.879999,28.879999,2017-10-06,CNP
503,87.040001,87.040001,2017-10-06,COF
504,25.709999,25.709999,2017-10-06,COG
505,39.830002,39.830002,2017-10-06,COH
506,132.619995,132.619995,2017-10-06,COL
507,241.330002,241.330002,2017-10-06,COO
508,48.860001,48.860001,2017-10-06,COP
509,157.089996,157.089996,2017-10-06,COST
510,16.879999,16.879999,2017-10-06,COTY
511,46.48,46.48,2017-10-06,CPB
512,96.32,96.32,2017-10-06,CRM
513,33.75,33.75,2017-10-06,CSCO
514,31.35,31.35,2017-10-06,CSRA
515,52.349998,52.349998,2017-10-06,CSX
516,149.080002,149.080002,2017-10-06,CTAS
517,20.0,20.0,2017-10-06,CTL
518,73.800003,73.800003,2017-10-06,CTSH
519,79.470001,79.470001,2017-10-06,CTXS
520,76.919998,76.919998,2017-10-06,CVS
521,117.029999,117.029999,2017-10-06,CVX
522,134.910004,134.910004,2017-10-06,CXO
523,76.809998,76.809998,2017-10-06,D
524,52.009998,52.009998,2017-10-06,DAL
525,128.130005,128.130005,2017-10-06,DE
526,65.75,65.75,2017-10-06,DFS
527,80.330002,80.330002,2017-10-06,DG
528,92.419998,92.419998,2017-10-06,DGX
529,41.080002,41.080002,2017-10-06,DHI
530,87.629997,87.629997,2017-10-06,DHR
531,100.07,100.07,2017-10-06,DIS
532,21.41,21.41,2017-10-06,DISCA
533,20.25,20.25,2017-10-06,DISCK
534,53.330002,53.330002,2017-10-06,DISH
535,100.449997,100.449997,2017-10-06,DLPH
536,118.220001,118.220001,2017-10-06,DLR
537,89.419998,89.419998,2017-10-06,DLTR
538,94.07,94.07,2017-10-06,DOV
539,88.260002,88.260002,2017-10-06,DPS
540,29.01,29.01,2017-10-06,DRE
541,80.830002,80.830002,2017-10-06,DRI
542,107.68,107.68,2017-10-06,DTE
543,84.639999,84.639999,2017-10-06,DUK
544,59.82,59.82,2017-10-06,DVA
545,35.779999,35.779999,2017-10-06,DVN
546,71.220001,71.220001,2017-10-06,DWDP
547,87.440002,87.440002,2017-10-06,DXC
548,120.089996,120.089996,2017-10-06,EA
549,38.810001,38.810001,2017-10-06,EBAY
550,131.970001,131.970001,2017-10-06,ECL
551,81.559998,81.559998,2017-10-06,ED
552,111.339996,111.339996,2017-10-06,EFX
553,77.620003,77.620003,2017-10-06,EIX
554,109.739998,109.739998,2017-10-06,EL
555,91.0,91.0,2017-10-06,EMN
556,63.700001,63.700001,2017-10-06,EMR
557,96.190002,96.190002,2017-10-06,EOG
558,448.829987,448.829987,2017-10-06,EQIX
559,66.419998,66.419998,2017-10-06,EQR
560,63.610001,63.610001,2017-10-06,EQT
561,60.380001,60.380001,2017-10-06,ES
562,62.360001,62.360001,2017-10-06,ESRX
563,257.01001,257.01001,2017-10-06,ESS
564,43.950001,43.950001,2017-10-06,ETFC
565,77.75,77.75,2017-10-06,ETN
566,78.650002,78.650002,2017-10-06,ETR
567,44.540001,44.540001,2017-10-06,EVHC
568,111.459999,111.459999,2017-10-06,EW
569,38.150002,38.150002,2017-10-06,EXC
570,60.34,60.34,2017-10-06,EXPD
571,147.990005,147.990005,2017-10-06,EXPE
572,80.379997,80.379997,2017-10-06,EXR
573,12.31,12.31,2017-10-06,F
574,46.029999,46.029999,2017-10-06,FAST
575,172.229996,172.229996,2017-10-06,FB
576,65.959999,65.959999,2017-10-06,FBHS
577,14.33,14.33,2017-10-06,FCX
578,220.800003,220.800003,2017-10-06,FDX
579,31.379999,31.379999,2017-10-06,FE
580,119.0,119.0,2017-10-06,FFIV
581,93.910004,93.910004,2017-10-06,FIS
582,127.480003,127.480003,2017-10-06,FISV
583,28.190001,28.190001,2017-10-06,FITB
584,34.41,34.41,2017-10-06,FL
585,41.290001,41.290001,2017-10-06,FLIR
586,42.919998,42.919998,2017-10-06,FLR
587,43.32,43.32,2017-10-06,FLS
588,91.160004,91.160004,2017-10-06,FMC
589,26.469999,26.469999,2017-10-06,FOX
590,369.720001,369.720001,2017-10-05,CHTR
591,190.679993,190.679993,2017-10-05,CI
592,77.389999,77.389999,2017-10-05,CINF
593,73.209999,73.209999,2017-10-05,CL
594,128.960007,128.960007,2017-10-05,CLX
595,77.0,77.0,2017-10-05,CMA
596,38.349998,38.349998,2017-10-05,CMCSA
597,138.020004,138.020004,2017-10-05,CME
598,310.350006,310.350006,2017-10-05,CMG
599,171.710007,171.710007,2017-10-05,CMI
600,46.529999,46.529999,2017-10-05,CMS
601,97.349998,97.349998,2017-10-05,CNC
602,29.059999,29.059999,2017-10-05,CNP
603,87.089996,87.089996,2017-10-05,COF
604,26.389999,26.389999,2017-10-05,COG
605,39.810001,39.810001,2017-10-05,COH
606,132.899994,132.899994,2017-10-05,COL
607,241.669998,241.669998,2017-10-05,COO
608,49.700001,49.700001,2017-10-05,COP
609,167.070007,167.070007,2017-10-05,COST
610,16.9,16.9,2017-10-05,COTY
611,46.59,46.59,2017-10-05,CPB
612,95.730003,95.730003,2017-10-05,CRM
613,33.59,33.59,2017-10-05,CSCO
614,31.620001,31.620001,2017-10-05,CSRA
615,52.349998,52.349998,2017-10-05,CSX
616,148.009995,148.009995,2017-10-05,CTAS
617,20.02,20.02,2017-10-05,CTL
618,73.199997,73.199997,2017-10-05,CTSH
619,79.68,79.68,2017-10-05,CTXS
620,80.900002,80.900002,2017-10-05,CVS
621,118.580002,118.580002,2017-10-05,CVX
622,135.699997,135.699997,2017-10-05,CXO
623,76.809998,76.809998,2017-10-05,D
624,51.68,51.68,2017-10-05,DAL
625,128.009995,128.009995,2017-10-05,DE
626,65.970001,65.970001,2017-10-05,DFS
627,81.220001,81.480003,2017-10-05,DG
628,92.440002,92.440002,2017-10-05,DGX
629,40.619999,40.619999,2017-10-05,DHI
630,86.970001,86.970001,2017-10-05,DHR
631,100.110001,100.110001,2017-10-05,DIS
632,21.52,21.52,2017-10-05,DISCA
633,20.370001,20.370001,2017-10-05,DISCK
634,54.029999,54.029999,2017-10-05,DISH
635,102.309998,102.309998,2017-10-05,DLPH
636,118.410004,118.410004,2017-10-05,DLR
637,89.150002,89.150002,2017-10-05,DLTR
638,93.760002,93.760002,2017-10-05,DOV
639,87.93,87.93,2017-10-05,DPS
640,29.0,29.0,2017-10-05,DRE
641,79.089996,79.720001,2017-10-05,DRI
642,107.75,107.75,2017-10-05,DTE
643,84.290001,84.290001,2017-10-05,DUK
644,60.380001,60.380001,2017-10-05,DVA
645,36.349998,36.349998,2017-10-05,DVN
646,70.970001,70.970001,2017-10-05,DWDP
647,85.779999,85.779999,2017-10-05,DXC
648,119.519997,119.519997,2017-10-05,EA
649,38.990002,38.990002,2017-10-05,EBAY
650,131.740005,131.740005,2017-10-05,ECL
651,81.769997,81.769997,2017-10-05,ED
652,112.970001,112.970001,2017-10-05,EFX
653,77.68,77.68,2017-10-05,EIX
654,110.019997,110.019997,2017-10-05,EL
655,90.830002,90.830002,2017-10-05,EMN
656,63.98,63.98,2017-10-05,EMR
657,96.550003,96.550003,2017-10-05,EOG
658,445.420013,445.420013,2017-10-05,EQIX
659,66.57,66.57,2017-10-05,EQR
660,65.050003,65.050003,2017-10-05,EQT
661,60.630001,60.630001,2017-10-05,ES
662,64.010002,64.010002,2017-10-05,ESRX
663,257.070007,257.070007,2017-10-05,ESS
664,45.009998,45.009998,2017-10-05,ETFC
665,77.800003,77.800003,2017-10-05,ETN
666,79.089996,79.089996,2017-10-05,ETR
667,44.57,44.57,2017-10-05,EVHC
668,111.629997,111.629997,2017-10-05,EW
669,38.349998,38.349998,2017-10-05,EXC
670,60.27,60.27,2017-10-05,EXPD
671,148.410004,148.410004,2017-10-05,EXPE
672,80.459999,80.459999,2017-10-05,EXR
673,12.25,12.25,2017-10-05,F
674,46.040001,46.040001,2017-10-05,FAST
675,171.240005,171.240005,2017-10-05,FB
676,65.75,65.75,2017-10-05,FBHS
677,14.75,14.75,2017-10-05,FCX
678,221.610001,221.610001,2017-10-05,FDX
679,31.33,31.33,2017-10-05,FE
680,120.099998,120.099998,2017-10-05,FFIV
681,93.82,93.82,2017-10-05,FIS
682,128.910004,128.910004,2017-10-05,FISV
683,28.219999,28.219999,2017-10-05,FITB
684,34.380001,34.380001,2017-10-05,FL
685,41.07,41.07,2017-10-05,FLIR
686,43.099998,43.099998,2017-10-05,FLR
687,43.209999,43.209999,2017-10-05,FLS
688,91.720001,91.720001,2017-10-05,FMC
689,26.32,26.32,2017-10-05,FOX
690,371.089996,371.089996,2017-10-04,CHTR
691,190.75,190.75,2017-10-04,CI
692,77.379997,77.379997,2017-10-04,CINF
693,72.879997,72.879997,2017-10-04,CL
694,131.289993,131.289993,2017-10-04,CLX
695,75.300003,75.300003,2017-10-04,CMA
696,38.59,38.59,2017-10-04,CMCSA
697,136.880005,136.880005,2017-10-04,CME
698,306.809998,306.809998,2017-10-04,CMG
699,171.75,171.75,2017-10-04,CMI
700,46.490002,46.490002,2017-10-04,CMS
701,96.769997,96.769997,2017-10-04,CNC
702,28.99,28.99,2017-10-04,CNP
703,86.339996,86.339996,2017-10-04,COF
704,26.43,26.43,2017-10-04,COG
705,39.720001,39.720001,2017-10-04,COH
706,133.160004,133.160004,2017-10-04,COL
707,241.029999,241.029999,2017-10-04,COO
708,49.310001,49.310001,2017-10-04,COP
709,165.210007,165.210007,2017-10-04,COST
710,16.639999,16.639999,2017-10-04,COTY
711,46.560001,46.560001,2017-10-04,CPB
712,95.519997,95.519997,2017-10-04,CRM
713,33.439999,33.439999,2017-10-04,CSCO
714,31.98,31.98,2017-10-04,CSRA
715,51.82,51.82,2017-10-04,CSX
716,147.199997,147.199997,2017-10-04,CTAS
717,20.09,20.09,2017-10-04,CTL
718,72.650002,72.650002,2017-10-04,CTSH
719,78.300003,78.300003,2017-10-04,CTXS
720,80.07,80.07,2017-10-04,CVS
721,117.580002,117.580002,2017-10-04,CVX
722,135.220001,135.220001,2017-10-04,CXO
723,76.870003,76.870003,2017-10-04,D
724,51.560001,51.560001,2017-10-04,DAL
725,128.330002,128.330002,2017-10-04,DE
726,65.489998,65.489998,2017-10-04,DFS
727,81.030602,81.290001,2017-10-04,DG
728,92.959999,92.959999,2017-10-04,DGX
729,40.84,40.84,2017-10-04,DHI
730,86.879997,86.879997,2017-10-04,DHR
731,100.550003,100.550003,2017-10-04,DIS
732,21.719999,21.719999,2017-10-04,DISCA
733,20.57,20.57,2017-10-04,DISCK
734,54.09,54.09,2017-10-04,DISH
735,102.309998,102.309998,2017-10-04,DLPH
736,117.050003,117.050003,2017-10-04,DLR
737,89.050003,89.050003,2017-10-04,DLTR
738,93.690002,93.690002,2017-10-04,DOV
739,87.68,87.68,2017-10-04,DPS
740,29.1,29.1,2017-10-04,DRE
741,78.970947,79.599998,2017-10-04,DRI
742,107.550003,107.550003,2017-10-04,DTE
743,84.470001,84.470001,2017-10-04,DUK
744,59.919998,59.919998,2017-10-04,DVA
745,35.860001,35.860001,2017-10-04,DVN
746,70.449997,70.449997,2017-10-04,DWDP
747,85.5,85.5,2017-10-04,DXC
748,118.559998,118.559998,2017-10-04,EA
749,38.66,38.66,2017-10-04,EBAY
750,130.759995,130.759995,2017-10-04,ECL
751,81.779999,81.779999,2017-10-04,ED
752,111.93,111.93,2017-10-04,EFX
753,77.849998,77.849998,2017-10-04,EIX
754,109.940002,109.940002,2017-10-04,EL
755,89.699997,89.699997,2017-10-04,EMN
756,63.919998,63.919998,2017-10-04,EMR
757,96.330002,96.330002,2017-10-04,EOG
758,442.970001,442.970001,2017-10-04,EQIX
759,66.519997,66.519997,2017-10-04,EQR
760,64.209999,64.209999,2017-10-04,EQT
761,60.790001,60.790001,2017-10-04,ES
762,63.98,63.98,2017-10-04,ESRX
763,257.570007,257.570007,2017-10-04,ESS
764,44.25,44.25,2017-10-04,ETFC
765,78.059998,78.059998,2017-10-04,ETN
766,78.410004,78.410004,2017-10-04,ETR
767,44.57,44.57,2017-10-04,EVHC
768,110.220001,110.220001,2017-10-04,EW
769,38.189999,38.189999,2017-10-04,EXC
770,60.099998,60.099998,2017-10-04,EXPD
771,147.600006,147.600006,2017-10-04,EXPE
772,79.599998,79.599998,2017-10-04,EXR
773,12.3,12.3,2017-10-04,F
774,45.650002,45.650002,2017-10-04,FAST
775,168.419998,168.419998,2017-10-04,FB
776,66.330002,66.330002,2017-10-04,FBHS
777,14.53,14.53,2017-10-04,FCX
778,221.320007,221.320007,2017-10-04,FDX
779,31.35,31.35,2017-10-04,FE
780,119.349998,119.349998,2017-10-04,FFIV
781,93.709999,93.709999,2017-10-04,FIS
782,128.580002,128.580002,2017-10-04,FISV
783,27.809999,27.809999,2017-10-04,FITB
784,33.849998,33.849998,2017-10-04,FL
785,41.009998,41.009998,2017-10-04,FLIR
786,42.950001,42.950001,2017-10-04,FLR
787,43.060001,43.060001,2017-10-04,FLS
788,90.959999,90.959999,2017-10-04,FMC
789,26.459999,26.459999,2017-10-04,FOX
790,369.51001,369.51001,2017-10-03,CHTR
791,191.990005,191.990005,2017-10-03,CI
792,77.160004,77.160004,2017-10-03,CINF
793,72.440002,72.440002,2017-10-03,CL
794,129.830002,129.830002,2017-10-03,CLX
795,76.169998,76.169998,2017-10-03,CMA
796,38.299999,38.299999,2017-10-03,CMCSA
797,137.330002,137.330002,2017-10-03,CME
798,302.98999,302.98999,2017-10-03,CMG
799,170.820007,170.820007,2017-10-03,CMI
800,45.970001,45.970001,2017-10-03,CMS
801,96.970001,96.970001,2017-10-03,CNC
802,28.780001,28.780001,2017-10-03,CNP
803,86.370003,86.370003,2017-10-03,COF
804,26.58,26.58,2017-10-03,COG
805,39.830002,39.830002,2017-10-03,COH
806,132.220001,132.220001,2017-10-03,COL
807,240.119995,240.119995,2017-10-03,COO
808,49.240002,49.240002,2017-10-03,COP
809,165.080002,165.080002,2017-10-03,COST
810,16.719999,16.719999,2017-10-03,COTY
811,46.189999,46.189999,2017-10-03,CPB
812,95.360001,95.360001,2017-10-03,CRM
813,33.559998,33.849998,2017-10-03,CSCO
814,31.969999,31.969999,2017-10-03,CSRA
815,52.119999,52.119999,2017-10-03,CSX
816,147.380005,147.380005,2017-10-03,CTAS
817,20.18,20.18,2017-10-03,CTL
818,72.550003,72.550003,2017-10-03,CTSH
819,78.510002,78.510002,2017-10-03,CTXS
820,80.910004,80.910004,2017-10-03,CVS
821,117.82,117.82,2017-10-03,CVX
822,135.389999,135.389999,2017-10-03,CXO
823,75.949997,75.949997,2017-10-03,D
824,51.25,51.25,2017-10-03,DAL
825,128.100006,128.100006,2017-10-03,DE
826,65.739998,65.739998,2017-10-03,DFS
827,81.140251,81.400002,2017-10-03,DG
828,92.889999,92.889999,2017-10-03,DGX
829,40.27,40.27,2017-10-03,DHI
830,86.519997,86.519997,2017-10-03,DHR
831,100.790001,100.790001,2017-10-03,DIS
832,21.530001,21.530001,2017-10-03,DISCA
833,20.4,20.4,2017-10-03,DISCK
834,54.32,54.32,2017-10-03,DISH
835,99.620003,99.620003,2017-10-03,DLPH
836,116.5,116.5,2017-10-03,DLR
837,86.82,86.82,2017-10-03,DLTR
838,93.040001,93.040001,2017-10-03,DOV
839,87.129997,87.129997,2017-10-03,DPS
840,29.01,29.01,2017-10-03,DRE
841,79.476913,80.110001,2017-10-03,DRI
842,106.599998,106.599998,2017-10-03,DTE
843,83.849998,83.849998,2017-10-03,DUK
844,60.91,60.91,2017-10-03,DVA
845,36.529999,36.529999,2017-10-03,DVN
846,70.360001,70.360001,2017-10-03,DWDP
847,85.110001,85.110001,2017-10-03,DXC
848,117.959999,117.959999,2017-10-03,EA
849,38.709999,38.709999,2017-10-03,EBAY
850,130.559998,130.559998,2017-10-03,ECL
851,80.900002,80.900002,2017-10-03,ED
852,110.449997,110.449997,2017-10-03,EFX
853,77.010002,77.010002,2017-10-03,EIX
854,108.449997,108.449997,2017-10-03,EL
855,91.269997,91.269997,2017-10-03,EMN
856,63.330002,63.330002,2017-10-03,EMR
857,96.5,96.5,2017-10-03,EOG
858,442.359985,442.359985,2017-10-03,EQIX
859,65.550003,65.550003,2017-10-03,EQR
860,64.209999,64.209999,2017-10-03,EQT
861,60.209999,60.209999,2017-10-03,ES
862,63.650002,63.650002,2017-10-03,ESRX
863,253.690002,253.690002,2017-10-03,ESS
864,44.380001,44.380001,2017-10-03,ETFC
865,77.449997,77.449997,2017-10-03,ETN
866,75.68,75.68,2017-10-03,ETR
867,44.849998,44.849998,2017-10-03,EVHC
868,108.230003,108.230003,2017-10-03,EW
869,37.84,37.84,2017-10-03,EXC
870,60.240002,60.240002,2017-10-03,EXPD
871,146.210007,146.210007,2017-10-03,EXPE
872,79.019997,79.019997,2017-10-03,EXR
873,12.34,12.34,2017-10-03,F
874,45.799999,45.799999,2017-10-03,FAST
875,169.960007,169.960007,2017-10-03,FB
876,66.779999,66.779999,2017-10-03,FBHS
877,14.64,14.64,2017-10-03,FCX
878,223.0,223.0,2017-10-03,FDX
879,31.02,31.02,2017-10-03,FE
880,117.82,117.82,2017-10-03,FFIV
881,93.400002,93.400002,2017-10-03,FIS
882,128.830002,128.830002,2017-10-03,FISV
883,27.91,27.91,2017-10-03,FITB
884,34.380001,34.380001,2017-10-03,FL
885,41.049999,41.049999,2017-10-03,FLIR
886,42.810001,42.810001,2017-10-03,FLR
887,42.68,42.68,2017-10-03,FLS
888,90.309998,90.309998,2017-10-03,FMC
889,26.02,26.02,2017-10-03,FOX
890,364.109985,364.109985,2017-10-02,CHTR
891,189.009995,189.009995,2017-10-02,CI
892,77.5,77.5,2017-10-02,CINF
893,72.949997,72.949997,2017-10-02,CL
894,129.479996,129.479996,2017-10-02,CLX
895,76.650002,76.650002,2017-10-02,CMA
896,37.812,37.970001,2017-10-02,CMCSA
897,136.399994,136.399994,2017-10-02,CME
898,301.809998,301.809998,2017-10-02,CMG
899,169.330002,169.330002,2017-10-02,CMI
900,46.419998,46.419998,2017-10-02,CMS
901,96.959999,96.959999,2017-10-02,CNC
902,28.959999,28.959999,2017-10-02,CNP
903,85.919998,85.919998,2017-10-02,COF
904,26.77,26.77,2017-10-02,COG
905,40.669998,40.669998,2017-10-02,COH
906,131.460007,131.460007,2017-10-02,COL
907,240.559998,240.559998,2017-10-02,COO
908,50.310001,50.310001,2017-10-02,COP
909,165.889999,165.889999,2017-10-02,COST
910,16.65,16.65,2017-10-02,COTY
911,46.860001,46.860001,2017-10-02,CPB
912,93.940002,93.940002,2017-10-02,CRM
913,33.460857,33.75,2017-10-02,CSCO
914,32.68,32.68,2017-10-02,CSRA
915,52.779999,52.779999,2017-10-02,CSX
916,145.429993,145.429993,2017-10-02,CTAS
917,19.32,19.32,2017-10-02,CTL
918,72.449997,72.449997,2017-10-02,CTSH
919,79.5,79.5,2017-10-02,CTXS
920,80.769997,80.769997,2017-10-02,CVS
921,117.43,117.43,2017-10-02,CVX
922,135.320007,135.320007,2017-10-02,CXO
923,76.739998,76.739998,2017-10-02,D
924,48.07,48.07,2017-10-02,DAL
925,127.290001,127.290001,2017-10-02,DE
926,65.160004,65.160004,2017-10-02,DFS
927,81.638657,81.900002,2017-10-02,DG
928,93.57,93.57,2017-10-02,DGX
929,39.98,39.98,2017-10-02,DHI
930,86.519997,86.519997,2017-10-02,DHR
931,99.860001,99.860001,2017-10-02,DIS
932,21.530001,21.530001,2017-10-02,DISCA
933,20.41,20.41,2017-10-02,DISCK
934,53.830002,53.830002,2017-10-02,DISH
935,99.949997,99.949997,2017-10-02,DLPH
936,118.459999,118.459999,2017-10-02,DLR
937,86.470001,86.470001,2017-10-02,DLTR
938,92.489998,92.489998,2017-10-02,DOV
939,87.669998,87.669998,2017-10-02,DPS
940,28.959999,28.959999,2017-10-02,DRE
941,78.544342,79.169998,2017-10-02,DRI
942,107.370003,107.370003,2017-10-02,DTE
943,84.360001,84.360001,2017-10-02,DUK
944,60.18,60.18,2017-10-02,DVA
945,36.599998,36.599998,2017-10-02,DVN
946,70.419998,70.419998,2017-10-02,DWDP
947,85.349998,85.349998,2017-10-02,DXC
948,117.949997,117.949997,2017-10-02,EA
949,38.73,38.73,2017-10-02,EBAY
950,130.649994,130.649994,2017-10-02,ECL
951,81.110001,81.110001,2017-10-02,ED
952,107.809998,107.809998,2017-10-02,EFX
953,77.0,77.0,2017-10-02,EIX
954,108.199997,108.199997,2017-10-02,EL
955,90.980003,90.980003,2017-10-02,EMN
956,63.200001,63.200001,2017-10-02,EMR
957,97.18,97.18,2017-10-02,EOG
958,444.480011,444.480011,2017-10-02,EQIX
959,65.599998,65.599998,2017-10-02,EQR
960,65.360001,65.360001,2017-10-02,EQT
961,60.380001,60.380001,2017-10-02,ES
962,63.630001,63.630001,2017-10-02,ESRX
963,252.380005,252.380005,2017-10-02,ESS
964,43.66,43.66,2017-10-02,ETFC
965,77.540001,77.540001,2017-10-02,ETN
966,76.419998,76.419998,2017-10-02,ETR
967,44.970001,44.970001,2017-10-02,EVHC
968,109.989998,109.989998,2017-10-02,EW
969,38.139999,38.139999,2017-10-02,EXC
970,60.34,60.34,2017-10-02,EXPD
971,146.839996,146.839996,2017-10-02,EXPE
972,79.599998,79.599998,2017-10-02,EXR
973,12.09,12.09,2017-10-02,F
974,45.759998,45.759998,2017-10-02,FAST
975,169.470001,169.470001,2017-10-02,FB
976,67.68,67.68,2017-10-02,FBHS
977,14.34,14.34,2017-10-02,FCX
978,226.330002,226.330002,2017-10-02,FDX
979,30.85,30.85,2017-10-02,FE
980,123.720001,123.720001,2017-10-02,FFIV
981,93.330002,93.330002,2017-10-02,FIS
982,128.869995,128.869995,2017-10-02,FISV
983,27.870001,27.870001,2017-10-02,FITB
984,34.75,34.75,2017-10-02,FL
985,41.0,41.0,2017-10-02,FLIR
986,43.060001,43.060001,2017-10-02,FLR
987,42.080002,42.080002,2017-10-02,FLS
988,88.849998,88.849998,2017-10-02,FMC
989,26.049999,26.049999,2017-10-02,FOX
990,26.99,26.99,2017-10-06,FOXA
991,125.68,125.68,2017-10-06,FRT
992,27.42,27.42,2017-10-06,FTI
993,71.550003,71.550003,2017-10-06,FTV
994,212.600006,212.600006,2017-10-06,GD
995,24.389999,24.389999,2017-10-06,GE
996,21.209999,21.209999,2017-10-06,GGP
997,82.139999,82.139999,2017-10-06,GILD
998,51.400002,51.400002,2017-10-06,GIS
999,30.09,30.09,2017-10-06,GLW
1000,44.93,44.93,2017-10-06,GM
1001,978.890015,978.890015,2017-10-06,GOOG
1002,993.640015,993.640015,2017-10-06,GOOGL
1003,95.550003,95.550003,2017-10-06,GPC
1004,96.949997,96.949997,2017-10-06,GPN
1005,29.389999,29.389999,2017-10-06,GPS
1006,53.830002,53.830002,2017-10-06,GRMN
1007,246.020004,246.020004,2017-10-06,GS
1008,32.77,32.77,2017-10-06,GT
1009,180.070007,180.070007,2017-10-06,GWW
1010,44.75,44.75,2017-10-06,HAL
1011,96.260002,96.260002,2017-10-06,HAS
1012,13.9,13.9,2017-10-06,HBAN
1013,23.75,23.75,2017-10-06,HBI
1014,76.639999,76.639999,2017-10-06,HCA
1015,68.349998,68.349998,2017-10-06,HCN
1016,26.92,26.92,2017-10-06,HCP
1017,165.850006,165.850006,2017-10-06,HD
1018,44.59,44.59,2017-10-06,HES
1019,55.619999,55.619999,2017-10-06,HIG
1020,69.480003,69.480003,2017-10-06,HLT
1021,46.209999,46.209999,2017-10-06,HOG
1022,37.689999,37.689999,2017-10-06,HOLX
1023,143.619995,143.619995,2017-10-06,HON
1024,51.529999,51.529999,2017-10-06,HP
1025,14.8,14.8,2017-10-06,HPE
1026,20.58,20.58,2017-10-06,HPQ
1027,24.860001,24.860001,2017-10-06,HRB
1028,31.620001,31.620001,2017-10-06,HRL
1029,135.660004,135.660004,2017-10-06,HRS
1030,80.989998,80.989998,2017-10-06,HSIC
1031,18.34,18.34,2017-10-06,HST
1032,108.650002,108.650002,2017-10-06,HSY
1033,246.899994,246.899994,2017-10-06,HUM
1034,146.479996,146.479996,2017-10-06,IBM
1035,69.029999,69.029999,2017-10-06,ICE
1036,158.970001,158.970001,2017-10-06,IDXX
1037,145.630005,145.630005,2017-10-06,IFF
1038,204.179993,204.179993,2017-10-06,ILMN
1039,114.699997,114.699997,2017-10-06,INCY
1040,43.98,43.98,2017-10-06,INFO
1041,39.630001,39.630001,2017-10-06,INTC
1042,144.179993,144.179993,2017-10-06,INTU
1043,57.450001,57.450001,2017-10-06,IP
1044,21.120001,21.120001,2017-10-06,IPG
1045,92.050003,92.050003,2017-10-06,IR
1046,38.119999,38.119999,2017-10-06,IRM
1047,361.470001,361.470001,2017-10-06,ISRG
1048,122.389999,122.389999,2017-10-06,IT
1049,151.630005,151.630005,2017-10-06,ITW
1050,35.77,35.77,2017-10-06,IVZ
1051,106.730003,106.730003,2017-10-06,JBHT
1052,41.07,41.07,2017-10-06,JCI
1053,58.959999,58.959999,2017-10-06,JEC
1054,133.220001,133.220001,2017-10-06,JNJ
1055,28.43,28.43,2017-10-06,JNPR
1056,96.919998,96.919998,2017-10-06,JPM
1057,44.310001,44.310001,2017-10-06,JWN
1058,62.400002,62.400002,2017-10-06,K
1059,18.690001,18.690001,2017-10-06,KEY
1060,78.18,78.18,2017-10-06,KHC
1061,19.110001,19.110001,2017-10-06,KIM
1062,102.470001,102.470001,2017-10-06,KLAC
1063,115.389999,115.389999,2017-10-06,KMB
1064,19.02,19.02,2017-10-06,KMI
1065,76.809998,76.809998,2017-10-06,KMX
1066,45.490002,45.490002,2017-10-06,KO
1067,47.48,47.48,2017-10-06,KORS
1068,20.629999,20.629999,2017-10-06,KR
1069,43.34,43.34,2017-10-06,KSS
1070,103.739998,103.739998,2017-10-06,KSU
1071,48.919998,48.919998,2017-10-06,L
1072,42.919998,42.919998,2017-10-06,LB
1073,48.459999,48.459999,2017-10-06,LEG
1074,55.889999,55.889999,2017-10-06,LEN
1075,151.649994,151.649994,2017-10-06,LH
1076,36.880001,36.880001,2017-10-06,LKQ
1077,189.380005,189.380005,2017-10-06,LLL
1078,87.080002,87.080002,2017-10-06,LLY
1079,316.459991,316.459991,2017-10-06,LMT
1080,75.0,75.0,2017-10-06,LNC
1081,41.919998,41.919998,2017-10-06,LNT
1082,81.860001,81.860001,2017-10-06,LOW
1083,184.830002,184.830002,2017-10-06,LRCX
1084,25.26,25.26,2017-10-06,LUK
1085,58.439999,58.439999,2017-10-06,LUV
1086,55.080002,55.080002,2017-10-06,LVLT
1087,98.900002,98.900002,2017-10-06,LYB
1088,20.809999,20.809999,2017-10-06,M
1089,143.520004,143.520004,2017-10-06,MA
1090,26.950001,26.950001,2017-10-05,FOXA
1091,126.089996,126.089996,2017-10-05,FRT
1092,27.469999,27.469999,2017-10-05,FTI
1093,71.57,71.57,2017-10-05,FTV
1094,213.449997,213.449997,2017-10-05,GD
1095,24.540001,24.540001,2017-10-05,GE
1096,21.540001,21.540001,2017-10-05,GGP
1097,83.510002,83.510002,2017-10-05,GILD
1098,51.599998,52.09,2017-10-05,GIS
1099,30.450001,30.450001,2017-10-05,GLW
1100,43.849998,43.849998,2017-10-05,GM
1101,969.960022,969.960022,2017-10-05,GOOG
1102,985.190002,985.190002,2017-10-05,GOOGL
1103,95.790001,95.790001,2017-10-05,GPC
1104,96.790001,96.790001,2017-10-05,GPN
1105,29.58,29.58,2017-10-05,GPS
1106,54.790001,54.790001,2017-10-05,GRMN
1107,246.059998,246.059998,2017-10-05,GS
1108,33.16,33.16,2017-10-05,GT
1109,182.25,182.25,2017-10-05,GWW
1110,45.09,45.09,2017-10-05,HAL
1111,96.580002,96.580002,2017-10-05,HAS
1112,13.96,13.96,2017-10-05,HBAN
1113,23.77,23.77,2017-10-05,HBI
1114,77.260002,77.260002,2017-10-05,HCA
1115,68.519997,68.519997,2017-10-05,HCN
1116,27.139999,27.139999,2017-10-05,HCP
1117,166.119995,166.119995,2017-10-05,HD
1118,45.509998,45.509998,2017-10-05,HES
1119,55.490002,55.490002,2017-10-05,HIG
1120,69.370003,69.370003,2017-10-05,HLT
1121,46.849998,46.849998,2017-10-05,HOG
1122,37.790001,37.790001,2017-10-05,HOLX
1123,143.070007,143.070007,2017-10-05,HON
1124,52.169998,52.169998,2017-10-05,HP
1125,14.83,14.83,2017-10-05,HPE
1126,20.35,20.35,2017-10-05,HPQ
1127,24.68,24.68,2017-10-05,HRB
1128,31.67,31.67,2017-10-05,HRL
1129,134.789993,134.789993,2017-10-05,HRS
1130,81.580002,81.580002,2017-10-05,HSIC
1131,18.32,18.32,2017-10-05,HST
1132,108.919998,108.919998,2017-10-05,HSY
1133,245.360001,245.360001,2017-10-05,HUM
1134,146.720001,146.720001,2017-10-05,IBM
1135,70.959999,70.959999,2017-10-05,ICE
1136,158.110001,158.110001,2017-10-05,IDXX
1137,147.25,147.25,2017-10-05,IFF
1138,205.779999,205.779999,2017-10-05,ILMN
1139,113.57,113.57,2017-10-05,INCY
1140,44.09,44.09,2017-10-05,INFO
1141,39.529999,39.529999,2017-10-05,INTC
1142,142.470001,142.860001,2017-10-05,INTU
1143,57.709999,57.709999,2017-10-05,IP
1144,21.34,21.34,2017-10-05,IPG
1145,90.889999,90.889999,2017-10-05,IR
1146,39.009998,39.009998,2017-10-05,IRM
1147,363.226654,363.226654,2017-10-05,ISRG
1148,122.75,122.75,2017-10-05,IT
1149,151.5,151.5,2017-10-05,ITW
1150,35.799999,35.799999,2017-10-05,IVZ
1151,106.870003,106.870003,2017-10-05,JBHT
1152,41.200001,41.200001,2017-10-05,JCI
1153,58.790001,58.790001,2017-10-05,JEC
1154,133.190002,133.190002,2017-10-05,JNJ
1155,28.450001,28.450001,2017-10-05,JNPR
1156,97.089996,97.089996,2017-10-05,JPM
1157,44.799999,44.799999,2017-10-05,JWN
1158,62.700001,62.700001,2017-10-05,K
1159,18.77,18.77,2017-10-05,KEY
1160,78.25,78.25,2017-10-05,KHC
1161,19.290001,19.290001,2017-10-05,KIM
1162,101.669998,101.669998,2017-10-05,KLAC
1163,117.470001,117.470001,2017-10-05,KMB
1164,19.1,19.1,2017-10-05,KMI
1165,76.370003,76.370003,2017-10-05,KMX
1166,45.52,45.52,2017-10-05,KO
1167,47.610001,47.610001,2017-10-05,KORS
1168,20.700001,20.700001,2017-10-05,KR
1169,44.27,44.27,2017-10-05,KSS
1170,107.410004,107.410004,2017-10-05,KSU
1171,48.900002,48.900002,2017-10-05,L
1172,42.790001,42.790001,2017-10-05,LB
1173,48.48,48.48,2017-10-05,LEG
1174,56.07,56.07,2017-10-05,LEN
1175,151.679993,151.679993,2017-10-05,LH
1176,36.790001,36.790001,2017-10-05,LKQ
1177,189.410004,189.410004,2017-10-05,LLL
1178,87.650002,87.650002,2017-10-05,LLY
1179,314.579987,314.579987,2017-10-05,LMT
1180,74.610001,74.900002,2017-10-05,LNC
1181,41.900002,41.900002,2017-10-05,LNT
1182,82.260002,82.260002,2017-10-05,LOW
1183,182.820007,182.820007,2017-10-05,LRCX
1184,25.42,25.42,2017-10-05,LUK
1185,58.290001,58.290001,2017-10-05,LUV
1186,55.060001,55.060001,2017-10-05,LVLT
1187,99.480003,99.480003,2017-10-05,LYB
1188,21.030001,21.030001,2017-10-05,M
1189,143.75,143.75,2017-10-05,MA
1190,27.1,27.1,2017-10-04,FOXA
1191,125.129997,125.129997,2017-10-04,FRT
1192,27.549999,27.549999,2017-10-04,FTI
1193,71.910004,71.910004,2017-10-04,FTV
1194,210.460007,211.300003,2017-10-04,GD
1195,24.48,24.48,2017-10-04,GE
1196,21.15,21.15,2017-10-04,GGP
1197,82.419998,82.419998,2017-10-04,GILD
1198,51.520752,52.009998,2017-10-04,GIS
1199,30.469999,30.469999,2017-10-04,GLW
1200,43.779999,43.779999,2017-10-04,GM
1201,951.679993,951.679993,2017-10-04,GOOG
1202,966.780029,966.780029,2017-10-04,GOOGL
1203,95.489998,95.489998,2017-10-04,GPC
1204,96.419998,96.419998,2017-10-04,GPN
1205,28.99,28.99,2017-10-04,GPS
1206,54.77,54.77,2017-10-04,GRMN
1207,240.309998,240.309998,2017-10-04,GS
1208,33.360001,33.360001,2017-10-04,GT
1209,180.899994,180.899994,2017-10-04,GWW
1210,45.18,45.18,2017-10-04,HAL
1211,97.68,97.68,2017-10-04,HAS
1212,13.76,13.76,2017-10-04,HBAN
1213,23.719999,23.719999,2017-10-04,HBI
1214,77.690002,77.690002,2017-10-04,HCA
1215,68.629997,68.629997,2017-10-04,HCN
1216,27.059999,27.059999,2017-10-04,HCP
1217,165.289993,165.289993,2017-10-04,HD
1218,45.259998,45.259998,2017-10-04,HES
1219,55.68,55.68,2017-10-04,HIG
1220,68.910004,68.910004,2017-10-04,HLT
1221,48.779999,48.779999,2017-10-04,HOG
1222,37.779999,37.779999,2017-10-04,HOLX
1223,142.550003,142.550003,2017-10-04,HON
1224,51.139999,51.139999,2017-10-04,HP
1225,14.8,14.8,2017-10-04,HPE
1226,20.26,20.26,2017-10-04,HPQ
1227,25.700001,25.700001,2017-10-04,HRB
1228,31.76,31.76,2017-10-04,HRL
1229,134.0,134.0,2017-10-04,HRS
1230,81.739998,81.739998,2017-10-04,HSIC
1231,18.200001,18.200001,2017-10-04,HST
1232,108.239998,108.239998,2017-10-04,HSY
1233,246.509995,246.509995,2017-10-04,HUM
1234,146.479996,146.479996,2017-10-04,IBM
1235,70.459999,70.459999,2017-10-04,ICE
1236,157.410004,157.410004,2017-10-04,IDXX
1237,146.649994,146.649994,2017-10-04,IFF
1238,205.770004,205.770004,2017-10-04,ILMN
1239,113.830002,113.830002,2017-10-04,INCY
1240,44.330002,44.330002,2017-10-04,INFO
1241,39.34,39.34,2017-10-04,INTC
1242,142.280518,142.669998,2017-10-04,INTU
1243,57.779999,57.779999,2017-10-04,IP
1244,21.299999,21.299999,2017-10-04,IPG
1245,90.459999,90.459999,2017-10-04,IR
1246,39.02,39.02,2017-10-04,IRM
1247,361.633331,361.633331,2017-10-04,ISRG
1248,122.919998,122.919998,2017-10-04,IT
1249,150.009995,150.009995,2017-10-04,ITW
1250,35.59,35.59,2017-10-04,IVZ
1251,108.660004,108.660004,2017-10-04,JBHT
1252,40.950001,40.950001,2017-10-04,JCI
1253,58.599998,58.599998,2017-10-04,JEC
1254,132.889999,132.889999,2017-10-04,JNJ
1255,28.690001,28.690001,2017-10-04,JNPR
1256,95.800003,96.360001,2017-10-04,JPM
1257,44.25,44.25,2017-10-04,JWN
1258,62.419998,62.419998,2017-10-04,K
1259,18.57,18.57,2017-10-04,KEY
1260,77.769997,77.769997,2017-10-04,KHC
1261,19.219999,19.219999,2017-10-04,KIM
1262,103.0,103.0,2017-10-04,KLAC
1263,117.190002,117.190002,2017-10-04,KMB
1264,18.82,18.82,2017-10-04,KMI
1265,76.449997,76.449997,2017-10-04,KMX
1266,45.5,45.5,2017-10-04,KO
1267,47.529999,47.529999,2017-10-04,KORS
1268,20.530001,20.530001,2017-10-04,KR
1269,43.84,43.84,2017-10-04,KSS
1270,107.019997,107.019997,2017-10-04,KSU
1271,48.540001,48.540001,2017-10-04,L
1272,41.360001,41.360001,2017-10-04,LB
1273,48.790001,48.790001,2017-10-04,LEG
1274,56.41,56.41,2017-10-04,LEN
1275,152.179993,152.179993,2017-10-04,LH
1276,36.759998,36.759998,2017-10-04,LKQ
1277,188.619995,188.619995,2017-10-04,LLL
1278,86.959999,86.959999,2017-10-04,LLY
1279,313.019989,313.019989,2017-10-04,LMT
1280,73.912704,74.199997,2017-10-04,LNC
1281,41.950001,41.950001,2017-10-04,LNT
1282,81.459999,81.459999,2017-10-04,LOW
1283,185.020004,185.020004,2017-10-04,LRCX
1284,25.42,25.42,2017-10-04,LUK
1285,58.380001,58.380001,2017-10-04,LUV
1286,55.16,55.16,2017-10-04,LVLT
1287,98.879997,98.879997,2017-10-04,LYB
1288,20.629999,20.629999,2017-10-04,M
1289,141.869995,142.089996,2017-10-04,MA
1290,26.629999,26.629999,2017-10-03,FOXA
1291,124.610001,124.610001,2017-10-03,FRT
1292,27.83,27.83,2017-10-03,FTI
1293,71.480003,71.480003,2017-10-03,FTV
1294,209.693054,210.529999,2017-10-03,GD
1295,24.799999,24.799999,2017-10-03,GE
1296,20.75,20.75,2017-10-03,GGP
1297,83.190002,83.190002,2017-10-03,GILD
1298,50.837242,51.32,2017-10-03,GIS
1299,30.309999,30.309999,2017-10-03,GLW
1300,43.450001,43.450001,2017-10-03,GM
1301,957.789978,957.789978,2017-10-03,GOOG
1302,972.080017,972.080017,2017-10-03,GOOGL
1303,95.949997,95.949997,2017-10-03,GPC
1304,96.620003,96.620003,2017-10-03,GPN
1305,28.959999,28.959999,2017-10-03,GPS
1306,54.419998,54.419998,2017-10-03,GRMN
1307,241.619995,241.619995,2017-10-03,GS
1308,33.310001,33.310001,2017-10-03,GT
1309,182.360001,182.360001,2017-10-03,GWW
1310,44.93,44.93,2017-10-03,HAL
1311,97.57,97.57,2017-10-03,HAS
1312,13.9,13.9,2017-10-03,HBAN
1313,23.860001,23.860001,2017-10-03,HBI
1314,79.480003,79.480003,2017-10-03,HCA
1315,69.440002,69.440002,2017-10-03,HCN
1316,27.0,27.0,2017-10-03,HCP
1317,165.169998,165.169998,2017-10-03,HD
1318,45.689999,45.689999,2017-10-03,HES
1319,55.419998,55.419998,2017-10-03,HIG
1320,68.860001,68.860001,2017-10-03,HLT
1321,48.950001,48.950001,2017-10-03,HOG
1322,37.700001,37.700001,2017-10-03,HOLX
1323,142.669998,142.669998,2017-10-03,HON
1324,50.02,50.02,2017-10-03,HP
1325,14.69,14.69,2017-10-03,HPE
1326,20.09,20.09,2017-10-03,HPQ
1327,26.59,26.59,2017-10-03,HRB
1328,31.780001,31.780001,2017-10-03,HRL
1329,133.309998,133.309998,2017-10-03,HRS
1330,81.580002,81.580002,2017-10-03,HSIC
1331,18.24,18.24,2017-10-03,HST
1332,107.660004,107.660004,2017-10-03,HSY
1333,247.389999,247.389999,2017-10-03,HUM
1334,146.779999,146.779999,2017-10-03,IBM
1335,69.879997,69.879997,2017-10-03,ICE
1336,154.399994,154.399994,2017-10-03,IDXX
1337,145.910004,145.910004,2017-10-03,IFF
1338,202.460007,202.460007,2017-10-03,ILMN
1339,112.800003,112.800003,2017-10-03,INCY
1340,44.009998,44.009998,2017-10-03,INFO
1341,39.380001,39.380001,2017-10-03,INTC
1342,141.462769,141.850006,2017-10-03,INTU
1343,57.389999,57.389999,2017-10-03,IP
1344,20.879999,20.879999,2017-10-03,IPG
1345,90.139999,90.139999,2017-10-03,IR
1346,38.950001,38.950001,2017-10-03,IRM
1347,357.963348,357.963348,2017-10-03,ISRG
1348,124.559998,124.559998,2017-10-03,IT
1349,149.789993,149.789993,2017-10-03,ITW
1350,35.759998,35.759998,2017-10-03,IVZ
1351,109.07,109.07,2017-10-03,JBHT
1352,40.470001,40.470001,2017-10-03,JCI
1353,58.439999,58.439999,2017-10-03,JEC
1354,132.100006,132.100006,2017-10-03,JNJ
1355,28.540001,28.540001,2017-10-03,JNPR
1356,96.784248,97.349998,2017-10-03,JPM
1357,44.200001,44.200001,2017-10-03,JWN
1358,62.02,62.02,2017-10-03,K
1359,18.74,18.74,2017-10-03,KEY
1360,77.82,77.82,2017-10-03,KHC
1361,19.110001,19.110001,2017-10-03,KIM
1362,102.839996,102.839996,2017-10-03,KLAC
1363,115.580002,115.580002,2017-10-03,KMB
1364,18.85,18.85,2017-10-03,KMI
1365,76.330002,76.330002,2017-10-03,KMX
1366,45.189999,45.189999,2017-10-03,KO
1367,47.599998,47.599998,2017-10-03,KORS
1368,20.559999,20.559999,2017-10-03,KR
1369,44.459999,44.459999,2017-10-03,KSS
1370,106.800003,106.800003,2017-10-03,KSU
1371,48.400002,48.400002,2017-10-03,L
1372,42.720001,42.720001,2017-10-03,LB
1373,48.560001,48.560001,2017-10-03,LEG
1374,55.349998,55.349998,2017-10-03,LEN
1375,150.919998,150.919998,2017-10-03,LH
1376,36.43,36.43,2017-10-03,LKQ
1377,190.440002,190.440002,2017-10-03,LLL
1378,86.449997,86.449997,2017-10-03,LLY
1379,312.859985,312.859985,2017-10-03,LMT
1380,73.484367,73.769997,2017-10-03,LNC
1381,41.380001,41.380001,2017-10-03,LNT
1382,81.349998,81.349998,2017-10-03,LOW
1383,184.869995,184.869995,2017-10-03,LRCX
1384,25.48,25.48,2017-10-03,LUK
1385,58.509998,58.509998,2017-10-03,LUV
1386,55.299999,55.299999,2017-10-03,LVLT
1387,99.760002,99.760002,2017-10-03,LYB
1388,21.049999,21.049999,2017-10-03,M
1389,142.798569,143.020004,2017-10-03,MA
1390,26.6,26.6,2017-10-02,FOXA
1391,124.029999,124.029999,2017-10-02,FRT
1392,27.66,27.66,2017-10-02,FTI
1393,71.550003,71.550003,2017-10-02,FTV
1394,207.890259,208.720001,2017-10-02,GD
1395,24.57,24.57,2017-10-02,GE
1396,20.59,20.59,2017-10-02,GGP
1397,83.519997,83.519997,2017-10-02,GILD
1398,51.322636,51.810001,2017-10-02,GIS
1399,30.16,30.16,2017-10-02,GLW
1400,42.150002,42.150002,2017-10-02,GM
1401,953.27002,953.27002,2017-10-02,GOOG
1402,967.469971,967.469971,2017-10-02,GOOGL
1403,96.370003,96.370003,2017-10-02,GPC
1404,96.129997,96.129997,2017-10-02,GPN
1405,29.27,29.5,2017-10-02,GPS
1406,54.16,54.16,2017-10-02,GRMN
1407,240.649994,240.649994,2017-10-02,GS
1408,33.57,33.57,2017-10-02,GT
1409,182.220001,182.220001,2017-10-02,GWW
1410,45.529999,45.529999,2017-10-02,HAL
1411,97.650002,97.650002,2017-10-02,HAS
1412,14.04,14.04,2017-10-02,HBAN
1413,24.98,24.98,2017-10-02,HBI
1414,79.919998,79.919998,2017-10-02,HCA
1415,69.550003,69.550003,2017-10-02,HCN
1416,26.709999,26.709999,2017-10-02,HCP
1417,164.020004,164.020004,2017-10-02,HD
1418,46.290001,46.290001,2017-10-02,HES
1419,55.599998,55.599998,2017-10-02,HIG
1420,69.43,69.43,2017-10-02,HLT
1421,48.549999,48.549999,2017-10-02,HOG
1422,37.02,37.02,2017-10-02,HOLX
1423,142.660004,142.660004,2017-10-02,HON
1424,51.259998,51.259998,2017-10-02,HP
1425,14.97,14.97,2017-10-02,HPE
1426,20.120001,20.120001,2017-10-02,HPQ
1427,26.389999,26.389999,2017-10-02,HRB
1428,31.92,31.92,2017-10-02,HRL
1429,132.809998,132.809998,2017-10-02,HRS
1430,81.029999,81.029999,2017-10-02,HSIC
1431,18.43,18.43,2017-10-02,HST
1432,108.839996,108.839996,2017-10-02,HSY
1433,245.0,245.0,2017-10-02,HUM
1434,146.660004,146.660004,2017-10-02,IBM
1435,69.330002,69.330002,2017-10-02,ICE
1436,157.169998,157.169998,2017-10-02,IDXX
1437,144.470001,144.470001,2017-10-02,IFF
1438,202.229996,202.229996,2017-10-02,ILMN
1439,115.190002,115.190002,2017-10-02,INCY
1440,44.080002,44.080002,2017-10-02,INFO
1441,39.040001,39.040001,2017-10-02,INTC
1442,141.353058,141.740005,2017-10-02,INTU
1443,57.380001,57.380001,2017-10-02,IP
1444,21.219999,21.219999,2017-10-02,IPG
1445,89.959999,89.959999,2017-10-02,IR
1446,39.25,39.25,2017-10-02,IRM
1447,353.493347,353.493347,2017-10-02,ISRG
1448,124.57,124.57,2017-10-02,IT
1449,150.160004,150.160004,2017-10-02,ITW
1450,35.529999,35.529999,2017-10-02,IVZ
1451,108.989998,108.989998,2017-10-02,JBHT
1452,40.450001,40.450001,2017-10-02,JCI
1453,58.790001,58.790001,2017-10-02,JEC
1454,131.220001,131.220001,2017-10-02,JNJ
1455,28.379999,28.379999,2017-10-02,JNPR
1456,96.277206,96.839996,2017-10-02,JPM
1457,44.18,44.18,2017-10-02,JWN
1458,62.720001,62.720001,2017-10-02,K
1459,18.9,18.9,2017-10-02,KEY
1460,77.849998,77.849998,2017-10-02,KHC
1461,19.09,19.360001,2017-10-02,KIM
1462,104.949997,104.949997,2017-10-02,KLAC
1463,116.970001,116.970001,2017-10-02,KMB
1464,19.1,19.1,2017-10-02,KMI
1465,76.589996,76.589996,2017-10-02,KMX
1466,44.799999,44.799999,2017-10-02,KO
1467,48.169998,48.169998,2017-10-02,KORS
1468,19.959999,19.959999,2017-10-02,KR
1469,44.619999,44.619999,2017-10-02,KSS
1470,107.040001,107.040001,2017-10-02,KSU
1471,48.119999,48.119999,2017-10-02,L
1472,42.130001,42.130001,2017-10-02,LB
1473,48.189999,48.189999,2017-10-02,LEG
1474,52.82,52.82,2017-10-02,LEN
1475,151.380005,151.380005,2017-10-02,LH
1476,36.259998,36.259998,2017-10-02,LKQ
1477,191.550003,191.550003,2017-10-02,LLL
1478,86.349998,86.349998,2017-10-02,LLY
1479,311.329987,311.329987,2017-10-02,LMT
1480,73.972481,74.260002,2017-10-02,LNC
1481,41.599998,41.599998,2017-10-02,LNT
1482,80.790001,80.790001,2017-10-02,LOW
1483,185.949997,185.949997,2017-10-02,LRCX
1484,25.43,25.43,2017-10-02,LUK
1485,55.990002,55.990002,2017-10-02,LUV
1486,53.939999,53.939999,2017-10-02,LVLT
1487,100.550003,100.550003,2017-10-02,LYB
1488,20.889999,20.889999,2017-10-02,M
1489,141.600433,141.820007,2017-10-02,MA
1490,107.93,107.93,2017-10-06,MAA
1491,56.439999,56.439999,2017-10-06,MAC
1492,39.23,39.23,2017-10-06,MAS
1493,15.55,15.55,2017-10-06,MAT
1494,159.600006,159.600006,2017-10-06,MCD
1495,91.550003,91.550003,2017-10-06,MCHP
1496,151.289993,151.289993,2017-10-06,MCK
1497,142.490005,142.490005,2017-10-06,MCO
1498,41.130001,41.130001,2017-10-06,MDLZ
1499,79.809998,79.809998,2017-10-06,MDT
1500,53.02,53.02,2017-10-06,MET
1501,30.809999,30.809999,2017-10-06,MGM
1502,256.769989,256.769989,2017-10-06,MHK
1503,98.18,98.18,2017-10-06,MKC
1504,205.949997,205.949997,2017-10-06,MLM
1505,83.199997,83.199997,2017-10-06,MMC
1506,216.520004,216.520004,2017-10-06,MMM
1507,55.369999,55.369999,2017-10-06,MNST
1508,62.549999,62.549999,2017-10-06,MO
1509,21.02,21.02,2017-10-06,MOS
1510,56.02,56.02,2017-10-06,MPC
1511,64.550003,64.550003,2017-10-06,MRK
1512,13.55,13.55,2017-10-06,MRO
1513,49.759998,49.759998,2017-10-06,MS
1514,76.0,76.0,2017-10-06,MSFT
1515,89.440002,89.440002,2017-10-06,MSI
1516,162.080002,162.080002,2017-10-06,MTB
1517,645.76001,645.76001,2017-10-06,MTD
1518,39.669998,39.669998,2017-10-06,MU
1519,38.290001,38.290001,2017-10-06,MYL
1520,12.6,12.6,2017-10-06,NAVI
1521,28.309999,28.309999,2017-10-06,NBL
1522,73.900002,73.900002,2017-10-06,NDAQ
1523,147.470001,147.470001,2017-10-06,NEE
1524,38.060001,38.060001,2017-10-06,NEM
1525,198.020004,198.020004,2017-10-06,NFLX
1526,30.25,30.25,2017-10-06,NFX
1527,25.719999,25.719999,2017-10-06,NI
1528,52.419998,52.419998,2017-10-06,NKE
1529,41.150002,41.150002,2017-10-06,NLSN
1530,293.329987,293.329987,2017-10-06,NOC
1531,25.49,25.49,2017-10-06,NRG
1532,130.460007,130.460007,2017-10-06,NSC
1533,44.43,44.43,2017-10-06,NTAP
1534,93.269997,93.269997,2017-10-06,NTRS
1535,56.150002,56.150002,2017-10-06,NUE
1536,181.300003,181.300003,2017-10-06,NVDA
1537,43.900002,43.900002,2017-10-06,NWL
1538,13.65,13.65,2017-10-06,NWS
1539,13.29,13.29,2017-10-06,NWSA
1540,56.48,56.48,2017-10-06,O
1541,56.189999,56.189999,2017-10-06,OKE
1542,75.419998,75.419998,2017-10-06,OMC
1543,48.400002,48.400002,2017-10-06,ORCL
1544,212.940002,212.940002,2017-10-06,ORLY
1545,63.91,63.91,2017-10-06,OXY
1546,63.619999,63.619999,2017-10-06,PAYX
1547,18.24,18.24,2017-10-06,PBCT
1548,73.279999,73.279999,2017-10-06,PCAR
1549,68.839996,68.839996,2017-10-06,PCG
1550,1918.0,1918.0,2017-10-06,PCLN
1551,37.869999,37.869999,2017-10-06,PDCO
1552,47.599998,47.599998,2017-10-06,PEG
1553,110.400002,110.400002,2017-10-06,PEP
1554,36.049999,36.049999,2017-10-06,PFE
1555,66.650002,66.650002,2017-10-06,PFG
1556,92.330002,92.330002,2017-10-06,PG
1557,49.279999,49.279999,2017-10-06,PGR
1558,177.179993,177.179993,2017-10-06,PH
1559,27.23,27.23,2017-10-06,PHM
1560,116.5,116.5,2017-10-06,PKG
1561,70.610001,70.610001,2017-10-06,PKI
1562,64.519997,64.519997,2017-10-06,PLD
1563,111.269997,111.269997,2017-10-06,PM
1564,135.690002,135.690002,2017-10-06,PNC
1565,70.019997,70.019997,2017-10-06,PNR
1566,85.330002,85.330002,2017-10-06,PNW
1567,113.279999,113.279999,2017-10-06,PPG
1568,37.32,37.32,2017-10-06,PPL
1569,86.82,86.82,2017-10-06,PRGO
1570,109.650002,109.650002,2017-10-06,PRU
1571,213.419998,213.419998,2017-10-06,PSA
1572,92.82,92.82,2017-10-06,PSX
1573,127.529999,127.529999,2017-10-06,PVH
1574,37.540001,37.540001,2017-10-06,PWR
1575,141.960007,141.960007,2017-10-06,PX
1576,150.470001,150.470001,2017-10-06,PXD
1577,66.050003,66.050003,2017-10-06,PYPL
1578,95.699997,95.699997,2017-10-06,Q
1579,52.490002,52.490002,2017-10-06,QCOM
1580,72.690002,72.690002,2017-10-06,QRVO
1581,123.389999,123.389999,2017-10-06,RCL
1582,225.009995,225.009995,2017-10-06,RE
1583,62.299999,62.299999,2017-10-06,REG
1584,469.950012,469.950012,2017-10-06,REGN
1585,15.21,15.21,2017-10-06,RF
1586,51.139999,51.139999,2017-10-06,RHI
1587,117.059998,117.059998,2017-10-06,RHT
1588,86.269997,86.269997,2017-10-06,RJF
1589,88.25,88.25,2017-10-06,RL
1590,108.260002,108.260002,2017-10-05,MAA
1591,57.119999,57.119999,2017-10-05,MAC
1592,38.98,38.98,2017-10-05,MAS
1593,15.56,15.56,2017-10-05,MAT
1594,158.800003,158.800003,2017-10-05,MCD
1595,91.300003,91.300003,2017-10-05,MCHP
1596,153.720001,153.720001,2017-10-05,MCK
1597,142.100006,142.100006,2017-10-05,MCO
1598,41.099998,41.099998,2017-10-05,MDLZ
1599,79.510002,79.510002,2017-10-05,MDT
1600,52.580002,52.580002,2017-10-05,MET
1601,30.9,30.9,2017-10-05,MGM
1602,256.140015,256.140015,2017-10-05,MHK
1603,97.849998,98.32,2017-10-05,MKC
1604,209.910004,209.910004,2017-10-05,MLM
1605,83.324997,83.699997,2017-10-05,MMC
1606,216.369995,216.369995,2017-10-05,MMM
1607,55.400002,55.400002,2017-10-05,MNST
1608,63.810001,63.810001,2017-10-05,MO
1609,21.639999,21.639999,2017-10-05,MOS
1610,56.25,56.25,2017-10-05,MPC
1611,64.599998,64.599998,2017-10-05,MRK
1612,13.88,13.88,2017-10-05,MRO
1613,49.630001,49.630001,2017-10-05,MS
1614,75.970001,75.970001,2017-10-05,MSFT
1615,86.0,86.0,2017-10-05,MSI
1616,161.570007,161.570007,2017-10-05,MTB
1617,644.849976,644.849976,2017-10-05,MTD
1618,39.369999,39.369999,2017-10-05,MU
1619,37.919998,37.919998,2017-10-05,MYL
1620,12.605,12.605,2017-10-05,NAVI
1621,28.84,28.84,2017-10-05,NBL
1622,77.650002,77.650002,2017-10-05,NDAQ
1623,147.759995,147.759995,2017-10-05,NEE
1624,37.950001,37.950001,2017-10-05,NEM
1625,194.389999,194.389999,2017-10-05,NFLX
1626,30.469999,30.469999,2017-10-05,NFX
1627,25.719999,25.719999,2017-10-05,NI
1628,52.18,52.18,2017-10-05,NKE
1629,41.02,41.02,2017-10-05,NLSN
1630,292.679993,292.679993,2017-10-05,NOC
1631,25.57,25.57,2017-10-05,NRG
1632,131.119995,131.119995,2017-10-05,NSC
1633,44.549999,44.549999,2017-10-05,NTAP
1634,92.970001,92.970001,2017-10-05,NTRS
1635,56.669998,56.669998,2017-10-05,NUE
1636,180.770004,180.770004,2017-10-05,NVDA
1637,43.799999,43.799999,2017-10-05,NWL
1638,13.7,13.7,2017-10-05,NWS
1639,13.43,13.43,2017-10-05,NWSA
1640,57.029999,57.029999,2017-10-05,O
1641,56.700001,56.700001,2017-10-05,OKE
1642,76.370003,76.370003,2017-10-05,OMC
1643,48.91,48.91,2017-10-05,ORCL
1644,211.179993,211.179993,2017-10-05,ORLY
1645,64.349998,64.349998,2017-10-05,OXY
1646,63.25,63.25,2017-10-05,PAYX
1647,18.200001,18.200001,2017-10-05,PBCT
1648,74.730003,74.730003,2017-10-05,PCAR
1649,69.07,69.07,2017-10-05,PCG
1650,1909.609985,1909.609985,2017-10-05,PCLN
1651,38.5,38.5,2017-10-05,PDCO
1652,47.450001,47.450001,2017-10-05,PEG
1653,110.449997,110.449997,2017-10-05,PEP
1654,36.0,36.0,2017-10-05,PFE
1655,66.57,66.57,2017-10-05,PFG
1656,92.029999,92.029999,2017-10-05,PG
1657,49.049999,49.049999,2017-10-05,PGR
1658,177.259995,177.259995,2017-10-05,PH
1659,27.200001,27.200001,2017-10-05,PHM
1660,117.059998,117.059998,2017-10-05,PKG
1661,70.440002,70.440002,2017-10-05,PKI
1662,64.57,64.57,2017-10-05,PLD
1663,111.540001,111.540001,2017-10-05,PM
1664,135.539993,135.539993,2017-10-05,PNC
1665,69.580002,69.580002,2017-10-05,PNR
1666,85.550003,85.550003,2017-10-05,PNW
1667,113.029999,113.029999,2017-10-05,PPG
1668,37.299999,37.299999,2017-10-05,PPL
1669,87.230003,87.230003,2017-10-05,PRGO
1670,109.260002,109.260002,2017-10-05,PRU
1671,213.679993,213.679993,2017-10-05,PSA
1672,93.330002,93.330002,2017-10-05,PSX
1673,127.32,127.32,2017-10-05,PVH
1674,37.5,37.5,2017-10-05,PWR
1675,142.350006,142.350006,2017-10-05,PX
1676,151.160004,151.160004,2017-10-05,PXD
1677,65.82,65.82,2017-10-05,PYPL
1678,95.599998,95.599998,2017-10-05,Q
1679,52.349998,52.349998,2017-10-05,QCOM
1680,71.699997,71.699997,2017-10-05,QRVO
1681,123.660004,123.660004,2017-10-05,RCL
1682,226.75,226.75,2017-10-05,RE
1683,63.099998,63.099998,2017-10-05,REG
1684,463.399994,463.399994,2017-10-05,REGN
1685,15.27,15.27,2017-10-05,RF
1686,51.169998,51.169998,2017-10-05,RHI
1687,115.519997,115.519997,2017-10-05,RHT
1688,86.010002,86.010002,2017-10-05,RJF
1689,89.43,89.43,2017-10-05,RL
1690,107.879997,107.879997,2017-10-04,MAA
1691,56.48,56.48,2017-10-04,MAC
1692,39.25,39.25,2017-10-04,MAS
1693,15.72,15.72,2017-10-04,MAT
1694,157.210007,157.210007,2017-10-04,MCD
1695,91.599998,91.599998,2017-10-04,MCHP
1696,153.610001,153.610001,2017-10-04,MCK
1697,141.710007,141.710007,2017-10-04,MCO
1698,41.02,41.02,2017-10-04,MDLZ
1699,78.629997,78.629997,2017-10-04,MDT
1700,52.52,52.52,2017-10-04,MET
1701,30.75,30.75,2017-10-04,MGM
1702,256.910004,256.910004,2017-10-04,MHK
1703,99.293068,99.769997,2017-10-04,MKC
1704,205.970001,205.970001,2017-10-04,MLM
1705,82.886971,83.260002,2017-10-04,MMC
1706,216.520004,216.520004,2017-10-04,MMM
1707,55.220001,55.220001,2017-10-04,MNST
1708,63.490002,63.490002,2017-10-04,MO
1709,21.719999,21.719999,2017-10-04,MOS
1710,56.310001,56.310001,2017-10-04,MPC
1711,64.599998,64.599998,2017-10-04,MRK
1712,13.9,13.9,2017-10-04,MRO
1713,49.009998,49.009998,2017-10-04,MS
1714,74.690002,74.690002,2017-10-04,MSFT
1715,85.639999,85.639999,2017-10-04,MSI
1716,160.690002,160.690002,2017-10-04,MTB
1717,643.320007,643.320007,2017-10-04,MTD
1718,39.560001,39.560001,2017-10-04,MU
1719,37.799999,37.799999,2017-10-04,MYL
1720,14.7,14.7,2017-10-04,NAVI
1721,28.33,28.33,2017-10-04,NBL
1722,77.57,77.57,2017-10-04,NDAQ
1723,148.570007,148.570007,2017-10-04,NEE
1724,38.080002,38.080002,2017-10-04,NEM
1725,184.449997,184.449997,2017-10-04,NFLX
1726,30.299999,30.299999,2017-10-04,NFX
1727,25.709999,25.709999,2017-10-04,NI
1728,52.080002,52.080002,2017-10-04,NKE
1729,41.5,41.5,2017-10-04,NLSN
1730,292.179993,292.179993,2017-10-04,NOC
1731,25.77,25.77,2017-10-04,NRG
1732,130.5,130.5,2017-10-04,NSC
1733,44.259998,44.459999,2017-10-04,NTAP
1734,91.660004,91.660004,2017-10-04,NTRS
1735,56.110001,56.110001,2017-10-04,NUE
1736,180.869995,180.869995,2017-10-04,NVDA
1737,43.27,43.27,2017-10-04,NWL
1738,13.7,13.7,2017-10-04,NWS
1739,13.36,13.36,2017-10-04,NWSA
1740,57.150002,57.150002,2017-10-04,O
1741,56.299999,56.299999,2017-10-04,OKE
1742,75.82,75.82,2017-10-04,OMC
1743,48.900002,48.900002,2017-10-04,ORCL
1744,212.160004,212.160004,2017-10-04,ORLY
1745,64.389999,64.389999,2017-10-04,OXY
1746,62.610001,62.610001,2017-10-04,PAYX
1747,17.92,17.92,2017-10-04,PBCT
1748,74.360001,74.360001,2017-10-04,PCAR
1749,69.199997,69.199997,2017-10-04,PCG
1750,1888.699951,1888.699951,2017-10-04,PCLN
1751,38.5,38.5,2017-10-04,PDCO
1752,46.990002,46.990002,2017-10-04,PEG
1753,109.339996,109.339996,2017-10-04,PEP
1754,35.959999,35.959999,2017-10-04,PFE
1755,65.82,65.82,2017-10-04,PFG
1756,92.419998,92.419998,2017-10-04,PG
1757,49.169998,49.169998,2017-10-04,PGR
1758,177.529999,177.529999,2017-10-04,PH
1759,27.629999,27.629999,2017-10-04,PHM
1760,117.330002,117.330002,2017-10-04,PKG
1761,70.199997,70.199997,2017-10-04,PKI
1762,64.080002,64.080002,2017-10-04,PLD
1763,111.419998,111.419998,2017-10-04,PM
1764,134.270004,134.270004,2017-10-04,PNC
1765,70.040001,70.040001,2017-10-04,PNR
1766,85.779999,85.779999,2017-10-04,PNW
1767,112.260002,112.260002,2017-10-04,PPG
1768,37.650002,37.650002,2017-10-04,PPL
1769,86.690002,86.690002,2017-10-04,PRGO
1770,107.849998,107.849998,2017-10-04,PRU
1771,213.869995,213.869995,2017-10-04,PSA
1772,93.43,93.43,2017-10-04,PSX
1773,127.290001,127.290001,2017-10-04,PVH
1774,37.139999,37.139999,2017-10-04,PWR
1775,142.350006,142.350006,2017-10-04,PX
1776,151.759995,151.759995,2017-10-04,PXD
1777,64.010002,64.010002,2017-10-04,PYPL
1778,95.25,95.25,2017-10-04,Q
1779,51.959999,51.959999,2017-10-04,QCOM
1780,72.160004,72.160004,2017-10-04,QRVO
1781,121.669998,121.669998,2017-10-04,RCL
1782,227.699997,227.699997,2017-10-04,RE
1783,62.869999,62.869999,2017-10-04,REG
1784,456.049988,456.049988,2017-10-04,REGN
1785,15.09,15.09,2017-10-04,RF
1786,51.459999,51.459999,2017-10-04,RHI
1787,112.739998,112.739998,2017-10-04,RHT
1788,85.529999,85.529999,2017-10-04,RJF
1789,89.480003,89.480003,2017-10-04,RL
1790,107.18,107.18,2017-10-03,MAA
1791,55.259998,55.259998,2017-10-03,MAC
1792,39.209999,39.209999,2017-10-03,MAS
1793,15.68,15.68,2017-10-03,MAT
1794,156.860001,156.860001,2017-10-03,MCD
1795,90.720001,90.720001,2017-10-03,MCHP
1796,153.990005,153.990005,2017-10-03,MCK
1797,141.0,141.0,2017-10-03,MCO
1798,40.939999,40.939999,2017-10-03,MDLZ
1799,78.110001,78.110001,2017-10-03,MDT
1800,52.400002,52.400002,2017-10-03,MET
1801,30.85,30.85,2017-10-03,MGM
1802,252.020004,252.020004,2017-10-03,MHK
1803,97.611153,98.080002,2017-10-03,MKC
1804,206.410004,206.410004,2017-10-03,MLM
1805,84.011909,84.389999,2017-10-03,MMC
1806,214.570007,214.570007,2017-10-03,MMM
1807,55.27,55.27,2017-10-03,MNST
1808,63.369999,63.369999,2017-10-03,MO
1809,21.76,21.76,2017-10-03,MOS
1810,56.139999,56.139999,2017-10-03,MPC
1811,64.370003,64.370003,2017-10-03,MRK
1812,13.76,13.76,2017-10-03,MRO
1813,49.279999,49.279999,2017-10-03,MS
1814,74.260002,74.260002,2017-10-03,MSFT
1815,85.690002,85.690002,2017-10-03,MSI
1816,161.309998,161.309998,2017-10-03,MTB
1817,639.890015,639.890015,2017-10-03,MTD
1818,40.369999,40.369999,2017-10-03,MU
1819,32.529999,32.529999,2017-10-03,MYL
1820,14.96,14.96,2017-10-03,NAVI
1821,28.209999,28.209999,2017-10-03,NBL
1822,77.75,77.75,2017-10-03,NDAQ
1823,146.889999,146.889999,2017-10-03,NEE
1824,38.23,38.23,2017-10-03,NEM
1825,179.190002,179.190002,2017-10-03,NFLX
1826,30.370001,30.370001,2017-10-03,NFX
1827,25.370001,25.370001,2017-10-03,NI
1828,51.470001,51.470001,2017-10-03,NKE
1829,41.330002,41.330002,2017-10-03,NLSN
1830,291.079987,291.079987,2017-10-03,NOC
1831,25.889999,25.889999,2017-10-03,NRG
1832,131.570007,131.570007,2017-10-03,NSC
1833,44.190315,44.389999,2017-10-03,NTAP
1834,92.389999,92.389999,2017-10-03,NTRS
1835,55.959999,55.959999,2017-10-03,NUE
1836,179.369995,179.369995,2017-10-03,NVDA
1837,43.099998,43.099998,2017-10-03,NWL
1838,13.7,13.7,2017-10-03,NWS
1839,13.37,13.37,2017-10-03,NWSA
1840,57.049999,57.049999,2017-10-03,O
1841,56.189999,56.189999,2017-10-03,OKE
1842,74.699997,74.699997,2017-10-03,OMC
1843,48.689999,48.689999,2017-10-03,ORCL
1844,213.949997,213.949997,2017-10-03,ORLY
1845,63.98,63.98,2017-10-03,OXY
1846,61.990002,61.990002,2017-10-03,PAYX
1847,18.139999,18.139999,2017-10-03,PBCT
1848,73.760002,73.760002,2017-10-03,PCAR
1849,68.309998,68.309998,2017-10-03,PCG
1850,1867.650024,1867.650024,2017-10-03,PCLN
1851,38.689999,38.689999,2017-10-03,PDCO
1852,46.25,46.25,2017-10-03,PEG
1853,109.129997,109.129997,2017-10-03,PEP
1854,36.139999,36.139999,2017-10-03,PFE
1855,65.339996,65.339996,2017-10-03,PFG
1856,92.120003,92.120003,2017-10-03,PG
1857,49.07,49.07,2017-10-03,PGR
1858,177.149994,177.149994,2017-10-03,PH
1859,27.51,27.51,2017-10-03,PHM
1860,117.269997,117.269997,2017-10-03,PKG
1861,70.080002,70.080002,2017-10-03,PKI
1862,63.689999,63.689999,2017-10-03,PLD
1863,110.190002,110.190002,2017-10-03,PM
1864,134.179993,134.179993,2017-10-03,PNC
1865,69.629997,69.629997,2017-10-03,PNR
1866,85.0,85.0,2017-10-03,PNW
1867,111.989998,111.989998,2017-10-03,PPG
1868,37.459999,37.459999,2017-10-03,PPL
1869,86.25,86.25,2017-10-03,PRGO
1870,107.839996,107.839996,2017-10-03,PRU
1871,212.919998,212.919998,2017-10-03,PSA
1872,93.629997,93.629997,2017-10-03,PSX
1873,126.269997,126.269997,2017-10-03,PVH
1874,37.490002,37.490002,2017-10-03,PWR
1875,142.490005,142.490005,2017-10-03,PX
1876,153.009995,153.009995,2017-10-03,PXD
1877,64.220001,64.220001,2017-10-03,PYPL
1878,95.099998,95.099998,2017-10-03,Q
1879,52.02,52.02,2017-10-03,QCOM
1880,71.389999,71.389999,2017-10-03,QRVO
1881,119.0,119.0,2017-10-03,RCL
1882,229.320007,229.320007,2017-10-03,RE
1883,62.380001,62.380001,2017-10-03,REG
1884,455.630005,455.630005,2017-10-03,REGN
1885,15.17,15.17,2017-10-03,RF
1886,51.380001,51.380001,2017-10-03,RHI
1887,111.93,111.93,2017-10-03,RHT
1888,85.790001,85.790001,2017-10-03,RJF
1889,88.540001,88.540001,2017-10-03,RL
1890,107.199997,107.199997,2017-10-02,MAA
1891,55.099998,55.099998,2017-10-02,MAC
1892,39.59,39.59,2017-10-02,MAS
1893,15.38,15.38,2017-10-02,MAT
1894,156.960007,156.960007,2017-10-02,MCD
1895,90.550003,90.550003,2017-10-02,MCHP
1896,155.259995,155.259995,2017-10-02,MCK
1897,140.210007,140.210007,2017-10-02,MCO
1898,41.099998,41.099998,2017-10-02,MDLZ
1899,78.050003,78.050003,2017-10-02,MDT
1900,52.139999,52.139999,2017-10-02,MET
1901,30.77,30.77,2017-10-02,MGM
1902,249.039993,249.039993,2017-10-02,MHK
1903,99.293068,99.769997,2017-10-02,MKC
1904,204.990005,204.990005,2017-10-02,MLM
1905,84.141319,84.519997,2017-10-02,MMC
1906,212.759995,212.759995,2017-10-02,MMM
1907,55.139999,55.139999,2017-10-02,MNST
1908,62.900002,62.900002,2017-10-02,MO
1909,21.75,21.75,2017-10-02,MOS
1910,55.889999,55.889999,2017-10-02,MPC
1911,64.550003,64.550003,2017-10-02,MRK
1912,13.59,13.59,2017-10-02,MRO
1913,48.919998,48.919998,2017-10-02,MS
1914,74.610001,74.610001,2017-10-02,MSFT
1915,85.839996,85.839996,2017-10-02,MSI
1916,161.389999,161.389999,2017-10-02,MTB
1917,635.799988,635.799988,2017-10-02,MTD
1918,40.009998,40.009998,2017-10-02,MU
1919,32.389999,32.389999,2017-10-02,MYL
1920,14.9,14.9,2017-10-02,NAVI
1921,28.299999,28.299999,2017-10-02,NBL
1922,77.790001,77.790001,2017-10-02,NDAQ
1923,146.740005,146.740005,2017-10-02,NEE
1924,37.880001,37.880001,2017-10-02,NEM
1925,177.009995,177.009995,2017-10-02,NFLX
1926,29.99,29.99,2017-10-02,NFX
1927,25.51,25.51,2017-10-02,NI
1928,51.869999,51.869999,2017-10-02,NKE
1929,41.450001,41.450001,2017-10-02,NLSN
1930,289.899994,289.899994,2017-10-02,NOC
1931,25.58,25.58,2017-10-02,NRG
1932,131.639999,131.639999,2017-10-02,NSC
1933,43.802071,44.0,2017-10-02,NTAP
1934,92.5,92.5,2017-10-02,NTRS
1935,56.049999,56.049999,2017-10-02,NUE
1936,179.0,179.0,2017-10-02,NVDA
1937,42.93,42.93,2017-10-02,NWL
1938,13.7,13.7,2017-10-02,NWS
1939,13.28,13.28,2017-10-02,NWSA
1940,57.07,57.07,2017-10-02,O
1941,55.84,55.84,2017-10-02,OKE
1942,75.540001,75.540001,2017-10-02,OMC
1943,48.799999,48.799999,2017-10-02,ORCL
1944,215.399994,215.399994,2017-10-02,ORLY
1945,64.110001,64.110001,2017-10-02,OXY
1946,59.810001,59.810001,2017-10-02,PAYX
1947,18.24,18.24,2017-10-02,PBCT
1948,72.919998,72.919998,2017-10-02,PCAR
1949,68.129997,68.129997,2017-10-02,PCG
1950,1857.469971,1857.469971,2017-10-02,PCLN
1951,38.59,38.59,2017-10-02,PDCO
1952,46.599998,46.599998,2017-10-02,PEG
1953,109.120003,109.120003,2017-10-02,PEP
1954,36.07,36.07,2017-10-02,PFE
1955,64.919998,64.919998,2017-10-02,PFG
1956,91.769997,91.769997,2017-10-02,PG
1957,49.029999,49.029999,2017-10-02,PGR
1958,176.160004,176.160004,2017-10-02,PH
1959,27.370001,27.370001,2017-10-02,PHM
1960,116.849998,116.849998,2017-10-02,PKG
1961,69.470001,69.470001,2017-10-02,PKI
1962,63.59,63.59,2017-10-02,PLD
1963,110.870003,110.870003,2017-10-02,PM
1964,135.119995,135.119995,2017-10-02,PNC
1965,69.330002,69.330002,2017-10-02,PNR
1966,85.290001,85.290001,2017-10-02,PNW
1967,111.0,111.0,2017-10-02,PPG
1968,37.720001,37.720001,2017-10-02,PPL
1969,86.239998,86.239998,2017-10-02,PRGO
1970,107.279999,107.279999,2017-10-02,PRU
1971,214.279999,214.279999,2017-10-02,PSA
1972,92.379997,92.379997,2017-10-02,PSX
1973,127.0,127.0,2017-10-02,PVH
1974,37.419998,37.419998,2017-10-02,PWR
1975,141.190002,141.190002,2017-10-02,PX
1976,151.289993,151.289993,2017-10-02,PXD
1977,64.18,64.18,2017-10-02,PYPL
1978,95.0,95.0,2017-10-02,Q
1979,51.880001,51.880001,2017-10-02,QCOM
1980,71.290001,71.290001,2017-10-02,QRVO
1981,119.120003,119.120003,2017-10-02,RCL
1982,229.279999,229.279999,2017-10-02,RE
1983,62.099998,62.099998,2017-10-02,REG
1984,462.23999,462.23999,2017-10-02,REGN
1985,15.23,15.23,2017-10-02,RF
1986,51.16,51.16,2017-10-02,RHI
1987,112.18,112.18,2017-10-02,RHT
1988,84.550003,84.550003,2017-10-02,RJF
1989,88.980003,88.980003,2017-10-02,RL
1990,77.25,77.25,2017-10-06,RMD
1991,182.309998,182.309998,2017-10-06,ROK
1992,251.990005,251.990005,2017-10-06,ROP
1993,65.989998,65.989998,2017-10-06,ROST
1994,19.99,19.99,2017-10-06,RRC
1995,63.18,63.18,2017-10-06,RSG
1996,187.729996,187.729996,2017-10-06,RTN
1997,147.320007,147.320007,2017-10-06,SBAC
1998,55.169998,55.169998,2017-10-06,SBUX
1999,48.360001,48.360001,2017-10-06,SCG
2000,45.34,45.34,2017-10-06,SCHW
2001,44.16,44.16,2017-10-06,SEE
2002,383.470001,383.470001,2017-10-06,SHW
2003,67.32,67.32,2017-10-06,SIG
2004,104.239998,104.239998,2017-10-06,SJM
2005,68.339996,68.339996,2017-10-06,SLB
2006,105.010002,105.010002,2017-10-06,SLG
2007,149.270004,149.270004,2017-10-06,SNA
2008,86.019997,86.019997,2017-10-06,SNI
2009,82.480003,82.480003,2017-10-06,SNPS
2010,49.59,49.59,2017-10-06,SO
2011,160.240005,160.240005,2017-10-06,SPG
2012,158.449997,158.449997,2017-10-06,SPGI
2013,71.580002,71.580002,2017-10-06,SRCL
2014,111.949997,111.949997,2017-10-06,SRE
2015,60.77,60.77,2017-10-06,STI
2016,98.800003,98.800003,2017-10-06,STT
2017,33.790001,33.790001,2017-10-06,STX
2018,210.110001,210.110001,2017-10-06,STZ
2019,155.490005,155.490005,2017-10-06,SWK
2020,104.959999,104.959999,2017-10-06,SWKS
2021,31.309999,31.309999,2017-10-06,SYF
2022,149.0,149.0,2017-10-06,SYK
2023,33.919998,33.919998,2017-10-06,SYMC
2024,54.23,54.23,2017-10-06,SYY
2025,38.59,38.59,2017-10-06,T
2026,83.18,83.18,2017-10-06,TAP
2027,264.970001,264.970001,2017-10-06,TDG
2028,86.230003,86.230003,2017-10-06,TEL
2029,57.119999,57.119999,2017-10-06,TGT
2030,94.610001,94.610001,2017-10-06,TIF
2031,73.599998,73.599998,2017-10-06,TJX
2032,80.809998,80.809998,2017-10-06,TMK
2033,193.210007,193.210007,2017-10-06,TMO
2034,41.610001,41.610001,2017-10-06,TRIP
2035,91.720001,91.720001,2017-10-06,TROW
2036,125.07,125.07,2017-10-06,TRV
2037,61.049999,61.049999,2017-10-06,TSCO
2038,70.660004,70.660004,2017-10-06,TSN
2039,66.860001,66.860001,2017-10-06,TSS
2040,103.300003,103.300003,2017-10-06,TWX
2041,91.349998,91.349998,2017-10-06,TXN
2042,55.490002,55.490002,2017-10-06,TXT
2043,15.46,15.46,2017-10-06,UA
2044,17.02,17.02,2017-10-06,UAA
2045,65.25,65.25,2017-10-06,UAL
2046,38.16,38.16,2017-10-06,UDR
2047,110.139999,110.139999,2017-10-06,UHS
2048,219.910004,219.910004,2017-10-06,ULTA
2049,198.059998,198.059998,2017-10-06,UNH
2050,52.540001,52.540001,2017-10-06,UNM
2051,113.949997,113.949997,2017-10-06,UNP
2052,117.699997,117.699997,2017-10-06,UPS
2053,142.240005,142.240005,2017-10-06,URI
2054,54.18,54.18,2017-10-06,USB
2055,118.230003,118.230003,2017-10-06,UTX
2056,106.730003,106.730003,2017-10-06,V
2057,102.389999,102.389999,2017-10-06,VAR
2058,65.650002,65.650002,2017-10-06,VFC
2059,27.15,27.15,2017-10-06,VIAB
2060,77.230003,77.230003,2017-10-06,VLO
2061,120.25,120.25,2017-10-06,VMC
2062,78.089996,78.089996,2017-10-06,VNO
2063,83.5,83.5,2017-10-06,VRSK
2064,109.919998,109.919998,2017-10-06,VRSN
2065,155.100006,155.100006,2017-10-06,VRTX
2066,63.34,63.34,2017-10-06,VTR
2067,48.810001,48.810001,2017-10-06,VZ
2068,185.880005,185.880005,2017-10-06,WAT
2069,73.199997,73.199997,2017-10-06,WBA
2070,83.849998,83.849998,2017-10-06,WDC
2071,64.300003,64.300003,2017-10-06,WEC
2072,55.580002,55.580002,2017-10-06,WFC
2073,181.330002,181.330002,2017-10-06,WHR
2074,155.020004,155.020004,2017-10-06,WLTW
2075,76.279999,76.279999,2017-10-06,WM
2076,30.110001,30.110001,2017-10-06,WMB
2077,79.0,79.0,2017-10-06,WMT
2078,58.169998,58.169998,2017-10-06,WRK
2079,19.52,19.52,2017-10-06,WU
2080,34.200001,34.200001,2017-10-06,WY
2081,107.050003,107.050003,2017-10-06,WYN
2082,143.940002,143.940002,2017-10-06,WYNN
2083,115.639999,115.639999,2017-10-06,XEC
2084,47.389999,47.389999,2017-10-06,XEL
2085,39.57,39.57,2017-10-06,XL
2086,72.010002,72.010002,2017-10-06,XLNX
2087,81.709999,81.709999,2017-10-06,XOM
2088,58.509998,58.509998,2017-10-06,XRAY
2089,77.300003,77.300003,2017-10-05,RMD
2090,182.509995,182.509995,2017-10-05,ROK
2091,251.020004,251.020004,2017-10-05,ROP
2092,65.529999,65.529999,2017-10-05,ROST
2093,20.58,20.58,2017-10-05,RRC
2094,63.700001,63.700001,2017-10-05,RSG
2095,187.179993,187.179993,2017-10-05,RTN
2096,146.869995,146.869995,2017-10-05,SBAC
2097,54.599998,54.599998,2017-10-05,SBUX
2098,48.43,48.43,2017-10-05,SCG
2099,45.18,45.18,2017-10-05,SCHW
2100,44.09,44.09,2017-10-05,SEE
2101,379.899994,379.899994,2017-10-05,SHW
2102,67.650002,67.650002,2017-10-05,SIG
2103,105.599998,105.599998,2017-10-05,SJM
2104,68.870003,68.870003,2017-10-05,SLB
2105,104.370003,104.370003,2017-10-05,SLG
2106,148.589996,148.589996,2017-10-05,SNA
2107,86.07,86.07,2017-10-05,SNI
2108,82.07,82.07,2017-10-05,SNPS
2109,49.360001,49.360001,2017-10-05,SO
2110,161.259995,161.259995,2017-10-05,SPG
2111,159.039993,159.039993,2017-10-05,SPGI
2112,71.639999,71.639999,2017-10-05,SRCL
2113,112.019997,112.019997,2017-10-05,SRE
2114,60.639999,60.639999,2017-10-05,STI
2115,98.949997,98.949997,2017-10-05,STT
2116,34.099998,34.099998,2017-10-05,STX
2117,209.25,209.25,2017-10-05,STZ
2118,156.130005,156.130005,2017-10-05,SWK
2119,103.839996,103.839996,2017-10-05,SWKS
2120,31.66,31.66,2017-10-05,SYF
2121,148.309998,148.309998,2017-10-05,SYK
2122,33.700001,33.700001,2017-10-05,SYMC
2123,54.290001,54.290001,2017-10-05,SYY
2124,39.019997,39.509998,2017-10-05,T
2125,83.110001,83.110001,2017-10-05,TAP
2126,268.25,268.25,2017-10-05,TDG
2127,86.080002,86.080002,2017-10-05,TEL
2128,58.380001,58.380001,2017-10-05,TGT
2129,94.139999,94.139999,2017-10-05,TIF
2130,73.809998,73.809998,2017-10-05,TJX
2131,80.809998,80.809998,2017-10-05,TMK
2132,193.429993,193.429993,2017-10-05,TMO
2133,43.610001,43.610001,2017-10-05,TRIP
2134,91.75,91.75,2017-10-05,TROW
2135,124.440002,124.440002,2017-10-05,TRV
2136,62.450001,62.450001,2017-10-05,TSCO
2137,71.07,71.07,2017-10-05,TSN
2138,67.010002,67.010002,2017-10-05,TSS
2139,103.237,103.639999,2017-10-05,TWX
2140,91.139999,91.139999,2017-10-05,TXN
2141,55.650002,55.650002,2017-10-05,TXT
2142,15.03,15.03,2017-10-05,UA
2143,16.530001,16.530001,2017-10-05,UAA
2144,64.32,64.32,2017-10-05,UAL
2145,38.239998,38.549999,2017-10-05,UDR
2146,112.139999,112.139999,2017-10-05,UHS
2147,220.630005,220.630005,2017-10-05,ULTA
2148,197.899994,197.899994,2017-10-05,UNH
2149,52.299999,52.299999,2017-10-05,UNM
2150,114.019997,114.019997,2017-10-05,UNP
2151,118.199997,118.199997,2017-10-05,UPS
2152,141.979996,141.979996,2017-10-05,URI
2153,53.759998,53.759998,2017-10-05,USB
2154,118.169998,118.169998,2017-10-05,UTX
2155,106.239998,106.239998,2017-10-05,V
2156,102.489998,102.489998,2017-10-05,VAR
2157,64.730003,64.730003,2017-10-05,VFC
2158,27.299999,27.299999,2017-10-05,VIAB
2159,77.269997,77.269997,2017-10-05,VLO
2160,120.879997,120.879997,2017-10-05,VMC
2161,78.139999,78.139999,2017-10-05,VNO
2162,83.800003,83.800003,2017-10-05,VRSK
2163,108.919998,108.919998,2017-10-05,VRSN
2164,152.300003,152.300003,2017-10-05,VRTX
2165,63.310001,63.310001,2017-10-05,VTR
2166,49.18,49.77,2017-10-05,VZ
2167,183.949997,183.949997,2017-10-05,WAT
2168,76.949997,76.949997,2017-10-05,WBA
2169,83.580002,83.580002,2017-10-05,WDC
2170,64.07,64.07,2017-10-05,WEC
2171,55.389999,55.389999,2017-10-05,WFC
2172,183.440002,183.440002,2017-10-05,WHR
2173,155.25,155.25,2017-10-05,WLTW
2174,76.669998,76.669998,2017-10-05,WM
2175,30.34,30.34,2017-10-05,WMB
2176,79.410004,79.410004,2017-10-05,WMT
2177,57.889999,57.889999,2017-10-05,WRK
2178,19.65,19.65,2017-10-05,WU
2179,34.220001,34.220001,2017-10-05,WY
2180,106.82,106.82,2017-10-05,WYN
2181,146.960007,146.960007,2017-10-05,WYNN
2182,116.059998,116.059998,2017-10-05,XEC
2183,47.580002,47.580002,2017-10-05,XEL
2184,39.540001,39.540001,2017-10-05,XL
2185,71.529999,71.529999,2017-10-05,XLNX
2186,82.019997,82.019997,2017-10-05,XOM
2187,58.98,58.98,2017-10-05,XRAY
2188,77.269997,77.269997,2017-10-04,RMD
2189,182.350006,182.350006,2017-10-04,ROK
2190,249.309998,249.660004,2017-10-04,ROP
2191,65.230003,65.230003,2017-10-04,ROST
2192,20.209999,20.209999,2017-10-04,RRC
2193,63.310001,63.310001,2017-10-04,RSG
2194,187.550003,187.550003,2017-10-04,RTN
2195,147.210007,147.210007,2017-10-04,SBAC
2196,53.93,53.93,2017-10-04,SBUX
2197,48.419998,48.419998,2017-10-04,SCG
2198,44.279999,44.279999,2017-10-04,SCHW
2199,44.0,44.0,2017-10-04,SEE
2200,374.170013,374.170013,2017-10-04,SHW
2201,66.879997,66.879997,2017-10-04,SIG
2202,105.019997,105.019997,2017-10-04,SJM
2203,68.82,68.82,2017-10-04,SLB
2204,104.389999,104.389999,2017-10-04,SLG
2205,151.440002,151.440002,2017-10-04,SNA
2206,86.279999,86.279999,2017-10-04,SNI
2207,81.889999,81.889999,2017-10-04,SNPS
2208,49.099998,49.099998,2017-10-04,SO
2209,159.839996,159.839996,2017-10-04,SPG
2210,159.600006,159.600006,2017-10-04,SPGI
2211,71.480003,71.480003,2017-10-04,SRCL
2212,114.559998,114.559998,2017-10-04,SRE
2213,59.619999,59.619999,2017-10-04,STI
2214,97.110001,97.110001,2017-10-04,STT
2215,33.98,33.98,2017-10-04,STX
2216,201.179993,201.179993,2017-10-04,STZ
2217,156.710007,156.710007,2017-10-04,SWK
2218,103.32,103.32,2017-10-04,SWKS
2219,31.309999,31.309999,2017-10-04,SYF
2220,145.970001,145.970001,2017-10-04,SYK
2221,33.25,33.25,2017-10-04,SYMC
2222,53.91,54.240002,2017-10-04,SYY
2223,39.010124,39.5,2017-10-04,T
2224,83.18,83.18,2017-10-04,TAP
2225,262.880005,262.880005,2017-10-04,TDG
2226,85.760002,85.760002,2017-10-04,TEL
2227,58.66,58.66,2017-10-04,TGT
2228,94.0,94.0,2017-10-04,TIF
2229,73.650002,73.650002,2017-10-04,TJX
2230,80.169998,80.32,2017-10-04,TMK
2231,193.509995,193.509995,2017-10-04,TMO
2232,43.400002,43.400002,2017-10-04,TRIP
2233,91.410004,91.410004,2017-10-04,TROW
2234,123.900002,123.900002,2017-10-04,TRV
2235,62.189999,62.189999,2017-10-04,TSCO
2236,71.639999,71.639999,2017-10-04,TSN
2237,66.32,66.32,2017-10-04,TSS
2238,103.097542,103.5,2017-10-04,TWX
2239,90.489998,90.489998,2017-10-04,TXN
2240,54.990002,54.990002,2017-10-04,TXT
2241,15.03,15.03,2017-10-04,UA
2242,16.469999,16.469999,2017-10-04,UAA
2243,64.470001,64.470001,2017-10-04,UAL
2244,38.081287,38.389999,2017-10-04,UDR
2245,112.099998,112.099998,2017-10-04,UHS
2246,223.520004,223.520004,2017-10-04,ULTA
2247,200.479996,200.479996,2017-10-04,UNH
2248,51.639999,51.639999,2017-10-04,UNM
2249,113.769997,113.769997,2017-10-04,UNP
2250,119.0,119.0,2017-10-04,UPS
2251,140.75,140.75,2017-10-04,URI
2252,53.150002,53.150002,2017-10-04,USB
2253,117.629997,117.629997,2017-10-04,UTX
2254,105.309998,105.309998,2017-10-04,V
2255,101.959999,101.959999,2017-10-04,VAR
2256,64.910004,64.910004,2017-10-04,VFC
2257,28.139999,28.139999,2017-10-04,VIAB
2258,77.690002,77.690002,2017-10-04,VLO
2259,118.589996,118.589996,2017-10-04,VMC
2260,77.660004,77.660004,2017-10-04,VNO
2261,83.870003,83.870003,2017-10-04,VRSK
2262,108.57,108.57,2017-10-04,VRSN
2263,152.509995,152.509995,2017-10-04,VRTX
2264,63.650002,63.650002,2017-10-04,VTR
2265,49.30846,49.900002,2017-10-04,VZ
2266,183.830002,183.830002,2017-10-04,WAT
2267,75.830002,75.830002,2017-10-04,WBA
2268,84.349998,84.349998,2017-10-04,WDC
2269,64.089996,64.089996,2017-10-04,WEC
2270,54.959999,54.959999,2017-10-04,WFC
2271,185.820007,185.820007,2017-10-04,WHR
2272,154.699997,154.699997,2017-10-04,WLTW
2273,76.330002,76.330002,2017-10-04,WM
2274,30.040001,30.040001,2017-10-04,WMB
2275,79.089996,79.089996,2017-10-04,WMT
2276,58.189999,58.189999,2017-10-04,WRK
2277,19.41,19.41,2017-10-04,WU
2278,34.32,34.32,2017-10-04,WY
2279,105.900002,105.900002,2017-10-04,WYN
2280,146.970001,146.970001,2017-10-04,WYNN
2281,115.629997,115.629997,2017-10-04,XEC
2282,47.77,47.77,2017-10-04,XEL
2283,39.150002,39.150002,2017-10-04,XL
2284,71.129997,71.129997,2017-10-04,XLNX
2285,81.790001,81.790001,2017-10-04,XOM
2286,57.209999,57.209999,2017-10-04,XRAY
2287,76.529999,76.529999,2017-10-03,RMD
2288,180.800003,180.800003,2017-10-03,ROK
2289,249.50972,249.860001,2017-10-03,ROP
2290,64.910004,64.910004,2017-10-03,ROST
2291,20.0,20.0,2017-10-03,RRC
2292,66.550003,66.550003,2017-10-03,RSG
2293,188.309998,188.309998,2017-10-03,RTN
2294,143.770004,143.770004,2017-10-03,SBAC
2295,53.990002,53.990002,2017-10-03,SBUX
2296,48.549999,48.549999,2017-10-03,SCG
2297,44.459999,44.459999,2017-10-03,SCHW
2298,43.740002,43.740002,2017-10-03,SEE
2299,374.369995,374.369995,2017-10-03,SHW
2300,67.629997,67.629997,2017-10-03,SIG
2301,104.290001,104.290001,2017-10-03,SJM
2302,69.059998,69.059998,2017-10-03,SLB
2303,103.220001,103.220001,2017-10-03,SLG
2304,150.649994,150.649994,2017-10-03,SNA
2305,86.139999,86.139999,2017-10-03,SNI
2306,81.269997,81.269997,2017-10-03,SNPS
2307,48.790001,48.790001,2017-10-03,SO
2308,159.039993,159.039993,2017-10-03,SPG
2309,159.210007,159.210007,2017-10-03,SPGI
2310,71.82,71.82,2017-10-03,SRCL
2311,113.870003,113.870003,2017-10-03,SRE
2312,59.52,59.52,2017-10-03,STI
2313,96.989998,96.989998,2017-10-03,STT
2314,34.049999,34.049999,2017-10-03,STX
2315,199.080002,199.080002,2017-10-03,STZ
2316,155.429993,155.429993,2017-10-03,SWK
2317,102.610001,102.610001,2017-10-03,SWKS
2318,31.719999,31.719999,2017-10-03,SYF
2319,143.630005,143.630005,2017-10-03,SYK
2320,33.02,33.02,2017-10-03,SYMC
2321,53.413044,53.740002,2017-10-03,SYY
2322,38.990372,39.48,2017-10-03,T
2323,81.919998,81.919998,2017-10-03,TAP
2324,262.329987,262.329987,2017-10-03,TDG
2325,84.860001,84.860001,2017-10-03,TEL
2326,58.580002,58.580002,2017-10-03,TGT
2327,93.019997,93.019997,2017-10-03,TIF
2328,73.82,73.82,2017-10-03,TJX
2329,80.259834,80.410004,2017-10-03,TMK
2330,190.330002,190.330002,2017-10-03,TMO
2331,41.84,41.84,2017-10-03,TRIP
2332,90.919998,90.919998,2017-10-03,TROW
2333,123.699997,123.699997,2017-10-03,TRV
2334,63.189999,63.189999,2017-10-03,TSCO
2335,71.339996,71.339996,2017-10-03,TSN
2336,66.059998,66.059998,2017-10-03,TSS
2337,102.878395,103.279999,2017-10-03,TWX
2338,89.940002,89.940002,2017-10-03,TXN
2339,54.5,54.5,2017-10-03,TXT
2340,15.26,15.26,2017-10-03,UA
2341,16.709999,16.709999,2017-10-03,UAA
2342,64.139999,64.139999,2017-10-03,UAL
2343,37.654743,37.959999,2017-10-03,UDR
2344,112.610001,112.610001,2017-10-03,UHS
2345,227.619995,227.619995,2017-10-03,ULTA
2346,198.630005,198.630005,2017-10-03,UNH
2347,51.529999,51.529999,2017-10-03,UNM
2348,114.889999,114.889999,2017-10-03,UNP
2349,119.709999,119.709999,2017-10-03,UPS
2350,142.710007,142.710007,2017-10-03,URI
2351,53.470001,53.470001,2017-10-03,USB
2352,117.709999,117.709999,2017-10-03,UTX
2353,105.589996,105.589996,2017-10-03,V
2354,100.129997,100.129997,2017-10-03,VAR
2355,64.080002,64.080002,2017-10-03,VFC
2356,27.549999,27.549999,2017-10-03,VIAB
2357,77.57,77.57,2017-10-03,VLO
2358,119.709999,119.709999,2017-10-03,VMC
2359,77.290001,77.290001,2017-10-03,VNO
2360,83.75,83.75,2017-10-03,VRSK
2361,107.989998,107.989998,2017-10-03,VRSN
2362,152.509995,152.509995,2017-10-03,VRTX
2363,63.68,63.68,2017-10-03,VTR
2364,49.259048,49.849998,2017-10-03,VZ
2365,182.830002,182.830002,2017-10-03,WAT
2366,76.790001,76.790001,2017-10-03,WBA
2367,83.0,83.0,2017-10-03,WDC
2368,63.32,63.32,2017-10-03,WEC
2369,55.580002,55.580002,2017-10-03,WFC
2370,185.089996,185.089996,2017-10-03,WHR
2371,154.889999,154.889999,2017-10-03,WLTW
2372,79.279999,79.279999,2017-10-03,WM
2373,30.290001,30.290001,2017-10-03,WMB
2374,79.220001,79.220001,2017-10-03,WMT
2375,58.060001,58.060001,2017-10-03,WRK
2376,19.379999,19.379999,2017-10-03,WU
2377,34.119999,34.119999,2017-10-03,WY
2378,105.279999,105.279999,2017-10-03,WYN
2379,147.089996,147.089996,2017-10-03,WYNN
2380,115.620003,115.620003,2017-10-03,XEC
2381,47.18,47.18,2017-10-03,XEL
2382,39.799999,39.799999,2017-10-03,XL
2383,71.150002,71.150002,2017-10-03,XLNX
2384,81.760002,81.760002,2017-10-03,XOM
2385,55.650002,55.650002,2017-10-03,XRAY
2386,77.410004,77.410004,2017-10-02,RMD
2387,180.699997,180.699997,2017-10-02,ROK
2388,247.452606,247.800003,2017-10-02,ROP
2389,64.690002,64.690002,2017-10-02,ROST
2390,20.42,20.42,2017-10-02,RRC
2391,66.57,66.57,2017-10-02,RSG
2392,187.649994,187.649994,2017-10-02,RTN
2393,142.869995,142.869995,2017-10-02,SBAC
2394,53.810001,53.810001,2017-10-02,SBUX
2395,48.580002,48.580002,2017-10-02,SCG
2396,44.040001,44.040001,2017-10-02,SCHW
2397,43.009998,43.009998,2017-10-02,SEE
2398,359.429993,359.429993,2017-10-02,SHW
2399,66.129997,66.129997,2017-10-02,SIG
2400,104.720001,104.720001,2017-10-02,SJM
2401,69.32,69.32,2017-10-02,SLB
2402,102.139999,102.139999,2017-10-02,SLG
2403,147.899994,147.899994,2017-10-02,SNA
2404,86.110001,86.110001,2017-10-02,SNI
2405,81.18,81.18,2017-10-02,SNPS
2406,49.139999,49.139999,2017-10-02,SO
2407,159.690002,159.690002,2017-10-02,SPG
2408,157.520004,157.520004,2017-10-02,SPGI
2409,72.660004,72.660004,2017-10-02,SRCL
2410,113.980003,113.980003,2017-10-02,SRE
2411,59.830002,59.830002,2017-10-02,STI
2412,96.339996,96.339996,2017-10-02,STT
2413,34.200001,34.200001,2017-10-02,STX
2414,199.350006,199.350006,2017-10-02,STZ
2415,154.529999,154.529999,2017-10-02,SWK
2416,102.279999,102.279999,2017-10-02,SWKS
2417,31.48,31.48,2017-10-02,SYF
2418,143.509995,143.509995,2017-10-02,SYK
2419,32.779999,32.779999,2017-10-02,SYMC
2420,53.651581,53.98,2017-10-02,SYY
2421,38.624962,39.110001,2017-10-02,T
2422,82.019997,82.019997,2017-10-02,TAP
2423,258.179993,258.179993,2017-10-02,TDG
2424,83.790001,83.790001,2017-10-02,TEL
2425,58.889999,58.889999,2017-10-02,TGT
2426,92.699997,92.699997,2017-10-02,TIF
2427,73.400002,73.400002,2017-10-02,TJX
2428,80.179985,80.330002,2017-10-02,TMK
2429,191.539993,191.539993,2017-10-02,TMO
2430,40.98,40.98,2017-10-02,TRIP
2431,90.68,90.68,2017-10-02,TROW
2432,123.32,123.32,2017-10-02,TRV
2433,62.990002,62.990002,2017-10-02,TSCO
2434,70.989998,70.989998,2017-10-02,TSN
2435,65.559998,65.559998,2017-10-02,TSS
2436,102.679176,103.080002,2017-10-02,TWX
2437,89.650002,89.650002,2017-10-02,TXN
2438,54.57,54.57,2017-10-02,TXT
2439,15.08,15.08,2017-10-02,UA
2440,16.6,16.6,2017-10-02,UAA
2441,60.43,60.43,2017-10-02,UAL
2442,37.664665,37.970001,2017-10-02,UDR
2443,112.230003,112.230003,2017-10-02,UHS
2444,223.800003,223.800003,2017-10-02,ULTA
2445,197.440002,197.440002,2017-10-02,UNH
2446,51.610001,51.610001,2017-10-02,UNM
2447,115.260002,115.260002,2017-10-02,UNP
2448,120.790001,120.790001,2017-10-02,UPS
2449,139.199997,139.199997,2017-10-02,URI
2450,53.439999,53.439999,2017-10-02,USB
2451,117.580002,117.580002,2017-10-02,UTX
2452,105.440002,105.440002,2017-10-02,V
2453,100.099998,100.099998,2017-10-02,VAR
2454,63.709999,63.709999,2017-10-02,VFC
2455,27.41,27.41,2017-10-02,VIAB
2456,77.050003,77.050003,2017-10-02,VLO
2457,118.93,118.93,2017-10-02,VMC
2458,77.010002,77.010002,2017-10-02,VNO
2459,83.519997,83.519997,2017-10-02,VRSK
2460,106.489998,106.489998,2017-10-02,VRSN
2461,152.229996,152.229996,2017-10-02,VRTX
2462,63.889999,63.889999,2017-10-02,VTR
2463,48.77486,49.360001,2017-10-02,VZ
2464,182.039993,182.039993,2017-10-02,WAT
2465,76.599998,76.599998,2017-10-02,WBA
2466,83.389999,83.389999,2017-10-02,WDC
2467,63.599998,63.599998,2017-10-02,WEC
2468,55.470001,55.470001,2017-10-02,WFC
2469,183.899994,183.899994,2017-10-02,WHR
2470,155.490005,155.490005,2017-10-02,WLTW
2471,78.769997,78.769997,2017-10-02,WM
2472,30.049999,30.049999,2017-10-02,WMB
2473,78.449997,78.449997,2017-10-02,WMT
2474,58.07,58.07,2017-10-02,WRK
2475,19.4,19.4,2017-10-02,WU
2476,34.119999,34.119999,2017-10-02,WY
2477,106.019997,106.019997,2017-10-02,WYN
2478,147.070007,147.070007,2017-10-02,WYNN
2479,116.0,116.0,2017-10-02,XEC
2480,47.360001,47.360001,2017-10-02,XEL
2481,39.610001,39.610001,2017-10-02,XL
2482,70.470001,70.470001,2017-10-02,XLNX
2483,81.629997,81.629997,2017-10-02,XOM
2484,56.330002,56.330002,2017-10-02,XRAY
2485,32.919998,32.919998,2017-10-06,XRX
2486,64.559998,64.559998,2017-10-06,XYL
2487,75.93,75.93,2017-10-06,YUM
2488,119.269997,119.269997,2017-10-06,ZBH
2489,47.880001,47.880001,2017-10-06,ZION
2490,63.75,63.75,2017-10-06,ZTS
2491,33.029999,33.029999,2017-10-05,XRX
2492,64.470001,64.470001,2017-10-05,XYL
2493,74.580002,74.580002,2017-10-05,YUM
2494,119.160004,119.160004,2017-10-05,ZBH
2495,47.66,47.66,2017-10-05,ZION
2496,63.75,63.75,2017-10-05,ZTS
2497,32.860001,32.860001,2017-10-04,XRX
2498,64.519997,64.519997,2017-10-04,XYL
2499,74.099998,74.099998,2017-10-04,YUM
2500,117.529999,117.529999,2017-10-04,ZBH
2501,46.689999,46.689999,2017-10-04,ZION
2502,63.57,63.57,2017-10-04,ZTS
2503,33.099998,33.099998,2017-10-03,XRX
2504,63.93,63.93,2017-10-03,XYL
2505,73.919998,73.919998,2017-10-03,YUM
2506,116.150002,116.150002,2017-10-03,ZBH
2507,46.93,46.93,2017-10-03,ZION
2508,63.59,63.59,2017-10-03,ZTS
2509,33.459999,33.459999,2017-10-02,XRX
2510,63.32,63.32,2017-10-02,XYL
2511,73.75,73.75,2017-10-02,YUM
2512,117.699997,117.699997,2017-10-02,ZBH
2513,47.279999,47.279999,2017-10-02,ZION
2514,63.75,63.75,2017-10-02,ZTS
